id,first_name,last_name,email,gender,ip_address
1,Henriette,Dumphreys,hdumphreys0@theglobeandmail.com,Female,111.252.228.101
2,Burnard,Sulland,bsulland1@zdnet.com,Male,28.117.82.175
3,Shelly,Babidge,sbabidge2@t.co,Non-binary,105.36.109.120
4,Britt,Pane,bpane3@seesaa.net,Female,251.98.54.253
5,Melli,Holberry,mholberry4@mozilla.com,Female,47.85.9.147
6,Charo,Cordes,ccordes5@cisco.com,Female,149.32.18.45
7,Pascal,Crutch,pcrutch6@nasa.gov,Male,162.59.29.12
8,Camellia,Brownsea,cbrownsea7@blogger.com,Female,118.94.36.126
9,Ginger,Farncombe,gfarncombe8@ocn.ne.jp,Male,68.72.194.82
10,Donielle,Moriarty,dmoriarty9@mozilla.org,Female,205.139.45.48
11,Laurens,Antrobus,lantrobusa@hao123.com,Male,143.27.230.85
12,Kenneth,Bessey,kbesseyb@nytimes.com,Male,147.180.2.13
13,Lyndsay,Philip,lphilipc@hud.gov,Female,250.94.22.49
14,Gabriellia,Folkes,gfolkesd@constantcontact.com,Female,125.43.147.12
15,Gray,Langhor,glanghore@prlog.org,Female,45.41.68.55
16,Jannel,Tiley,jtileyf@over-blog.com,Female,70.211.25.54
17,Ian,Nilges,inilgesg@sciencedirect.com,Male,30.198.84.242
18,Michaelina,Geraldini,mgeraldinih@economist.com,Female,198.96.209.129
19,Mayne,Wilbraham,mwilbrahami@jugem.jp,Male,205.120.210.242
20,Bunnie,Golsworthy,bgolsworthyj@liveinternet.ru,Female,219.153.82.48
21,Dareen,Staries,dstariesk@nsw.gov.au,Non-binary,9.79.235.243
22,Berke,Haine,bhainel@cornell.edu,Male,128.110.137.124
23,Frederik,Scammell,fscammellm@hhs.gov,Male,235.107.40.87
24,Ashby,Yesenin,ayeseninn@paypal.com,Agender,18.241.219.144
25,Cordelia,Pfeffer,cpfeffero@360.cn,Female,90.80.239.122
26,Genna,Billyard,gbillyardp@godaddy.com,Female,145.212.237.178
27,Nicholle,Abrahamson,nabrahamsonq@vk.com,Genderqueer,214.13.213.116
28,Bili,Pretty,bprettyr@wix.com,Polygender,21.112.92.152
29,Audy,Worcs,aworcss@addthis.com,Genderfluid,237.53.70.250
30,Davidde,Illwell,dillwellt@google.cn,Male,97.105.32.232
31,Cortie,Salle,csalleu@intel.com,Male,18.180.158.37
32,Felita,Zaniolini,fzanioliniv@economist.com,Female,201.134.44.67
33,Aloysia,De Francisci,adefrancisciw@imgur.com,Female,149.232.74.27
34,Sterling,Sapseed,ssapseedx@barnesandnoble.com,Genderfluid,144.210.59.198
35,Grethel,Jones,gjonesy@hostgator.com,Female,23.76.173.243
36,Lombard,Oliveti,lolivetiz@google.ru,Male,194.183.165.196
37,Heindrick,Laudham,hlaudham10@wikispaces.com,Male,199.122.83.69
38,Ines,Warlaw,iwarlaw11@soup.io,Female,167.130.227.36
39,Kirk,Dyhouse,kdyhouse12@ted.com,Male,2.68.246.119
40,Hans,Worsley,hworsley13@last.fm,Male,92.215.15.127
41,Ibbie,Eglington,ieglington14@cisco.com,Female,82.118.231.120
42,Cherye,Duffield,cduffield15@apple.com,Female,148.153.15.218
43,Rufus,Pisculli,rpisculli16@cam.ac.uk,Male,51.202.125.23
44,Dionysus,Hirjak,dhirjak17@opensource.org,Male,175.171.58.70
45,Guglielma,Skamal,gskamal18@addthis.com,Bigender,118.162.72.24
46,Kettie,Rain,krain19@ifeng.com,Female,11.196.194.3
47,Theo,Corrigan,tcorrigan1a@com.com,Male,168.64.38.216
48,Miltie,Gillooly,mgillooly1b@wikipedia.org,Male,45.8.233.179
49,Ax,Walbridge,awalbridge1c@cafepress.com,Male,224.180.67.48
50,Kettie,Jaffray,kjaffray1d@cornell.edu,Female,51.156.40.6
51,Rennie,Stocker,rstocker1e@yandex.ru,Polygender,156.24.135.133
52,Carney,Jenman,cjenman1f@google.es,Male,149.215.99.204
53,Ev,Casbourne,ecasbourne1g@hao123.com,Male,128.86.110.217
54,Darell,Gartrell,dgartrell1h@uiuc.edu,Female,114.106.58.185
55,Dorene,Pulham,dpulham1i@hao123.com,Non-binary,14.8.59.122
56,Mina,Torrecilla,mtorrecilla1j@oakley.com,Female,9.62.197.66
57,Alex,Stockle,astockle1k@netvibes.com,Female,24.54.41.137
58,Nicolis,Napleton,nnapleton1l@squarespace.com,Male,66.41.4.218
59,Cirillo,Lamas,clamas1m@stanford.edu,Male,116.33.28.201
60,Milt,Elliker,melliker1n@mysql.com,Male,27.193.20.166
61,Brianne,Hollidge,bhollidge1o@engadget.com,Female,119.112.61.49
62,Arman,Huckerby,ahuckerby1p@uiuc.edu,Male,165.255.67.53
63,Lane,Culver,lculver1q@ovh.net,Female,194.31.149.205
64,Lou,Stores,lstores1r@alibaba.com,Male,96.250.49.245
65,Shelley,Swire,sswire1s@sun.com,Female,26.34.110.204
66,Bryanty,Hugnin,bhugnin1t@eventbrite.com,Male,134.97.141.57
67,Shanon,Collen,scollen1u@dropbox.com,Agender,22.133.53.108
68,Whitney,Kingscote,wkingscote1v@unblog.fr,Male,62.120.233.156
69,Anderson,Mylan,amylan1w@home.pl,Male,30.253.96.209
70,Harrie,Bagger,hbagger1x@cbc.ca,Female,212.71.26.238
71,Nikkie,Dranfield,ndranfield1y@arstechnica.com,Female,221.26.52.48
72,Niven,Poure,npoure1z@gizmodo.com,Male,200.101.11.255
73,Meggie,Station,mstation20@un.org,Female,86.1.142.118
74,Stafford,Cann,scann21@gravatar.com,Male,165.209.109.35
75,Bernetta,Plank,bplank22@dion.ne.jp,Female,218.139.3.166
76,Lorrie,Slocombe,lslocombe23@flavors.me,Female,37.20.227.207
77,Anna,Vasiljevic,avasiljevic24@fc2.com,Female,140.163.48.76
78,Alla,Friskey,afriskey25@fda.gov,Female,216.149.214.175
79,Sherrie,Gilffillan,sgilffillan26@hp.com,Female,198.121.75.241
80,Thalia,Negal,tnegal27@berkeley.edu,Bigender,176.100.32.141
81,Augusto,Verbrugge,averbrugge28@com.com,Male,249.130.127.246
82,Tory,Schubuser,tschubuser29@slashdot.org,Female,165.71.144.62
83,Conroy,Huttley,chuttley2a@google.nl,Male,64.48.118.130
84,Lin,Archbutt,larchbutt2b@state.tx.us,Female,64.228.31.203
85,Perkin,Cogdell,pcogdell2c@ftc.gov,Male,159.23.173.245
86,Juieta,Bendtsen,jbendtsen2d@apache.org,Female,49.116.64.176
87,La verne,Longmire,llongmire2e@rediff.com,Female,169.172.165.153
88,Daron,Cossell,dcossell2f@comcast.net,Genderfluid,224.187.219.40
89,Starlin,Paskins,spaskins2g@google.nl,Female,171.133.48.85
90,Berne,Comins,bcomins2h@kickstarter.com,Male,98.57.115.127
91,Gale,Iddy,giddy2i@abc.net.au,Female,64.39.175.49
92,Jerry,Neale,jneale2j@apache.org,Female,35.207.53.36
93,Patsy,Eastam,peastam2k@csmonitor.com,Female,80.99.104.117
94,Francisca,Scatchar,fscatchar2l@addthis.com,Female,250.126.221.167
95,Arly,Van Ross,avanross2m@digg.com,Female,87.140.141.197
96,Trumann,Nyles,tnyles2n@miibeian.gov.cn,Male,125.179.71.104
97,Trevar,Potkins,tpotkins2o@economist.com,Male,151.48.137.136
98,Alfie,Thomassin,athomassin2p@discovery.com,Female,214.237.218.143
99,Teresa,Aguirrezabal,taguirrezabal2q@people.com.cn,Female,159.34.53.205
100,Ellis,Fulbrook,efulbrook2r@mashable.com,Male,20.175.55.36
101,Ellerey,Harbour,eharbour2s@php.net,Male,169.127.153.121
102,Hasty,Campana,hcampana2t@usda.gov,Male,128.41.103.106
103,Allen,Bridgwater,abridgwater2u@latimes.com,Male,65.190.149.217
104,Care,Danilov,cdanilov2v@yolasite.com,Male,248.225.140.96
105,Benedicta,Humphrys,bhumphrys2w@sun.com,Female,20.216.200.8
106,Sibeal,Lagadu,slagadu2x@storify.com,Female,246.22.75.26
107,Randal,Point,rpoint2y@cyberchimps.com,Male,157.206.113.166
108,Mahmud,McGauhy,mmcgauhy2z@yolasite.com,Male,124.217.15.151
109,Berkie,Scrange,bscrange30@elpais.com,Male,115.130.100.242
110,Michael,Bonifazio,mbonifazio31@moonfruit.com,Male,78.156.125.39
111,Vivianna,Butterfint,vbutterfint32@theatlantic.com,Female,118.96.85.55
112,Jobie,Joskowicz,jjoskowicz33@disqus.com,Female,203.161.96.180
113,Solly,Leijs,sleijs34@hugedomains.com,Male,37.76.193.151
114,Heda,Harriskine,hharriskine35@jalbum.net,Female,35.250.195.143
115,Clari,Robbe,crobbe36@ucla.edu,Female,44.213.192.185
116,Aeriel,Henderson,ahenderson37@feedburner.com,Female,8.34.232.117
117,Hastie,Gainsford,hgainsford38@house.gov,Male,150.53.123.97
118,Kiley,Croneen,kcroneen39@eepurl.com,Male,60.204.206.3
119,Portie,Kencott,pkencott3a@yale.edu,Male,219.66.120.33
120,Filbert,Milkins,fmilkins3b@nationalgeographic.com,Male,74.238.175.156
121,Dani,Marcq,dmarcq3c@berkeley.edu,Genderqueer,135.22.48.96
122,Moll,Gothrup,mgothrup3d@t.co,Female,1.104.186.222
123,Joelynn,Pond-Jones,jpondjones3e@slashdot.org,Female,69.208.4.43
124,Beverlee,Jenkin,bjenkin3f@cisco.com,Female,138.57.104.156
125,Hunt,Freschini,hfreschini3g@tumblr.com,Male,13.225.129.203
126,Isaak,Philipp,iphilipp3h@dyndns.org,Male,235.3.166.37
127,Joela,Leagas,jleagas3i@mit.edu,Female,58.183.187.65
128,Cicily,Alexandersen,calexandersen3j@indiatimes.com,Female,15.123.130.3
129,Lynea,Aharoni,laharoni3k@imageshack.us,Female,8.25.54.250
130,Blisse,Sweeting,bsweeting3l@topsy.com,Female,222.177.86.45
131,Moreen,Presdee,mpresdee3m@storify.com,Female,202.105.66.202
132,Sayres,Banham,sbanham3n@hao123.com,Male,20.20.159.225
133,Sunny,Drews,sdrews3o@unesco.org,Male,16.208.115.34
134,Thadeus,Hefferan,thefferan3p@rambler.ru,Male,108.188.140.113
135,Annora,Sammes,asammes3q@vimeo.com,Female,25.176.25.79
136,Chalmers,Roycraft,croycraft3r@google.de,Male,56.180.137.82
137,Vail,Sheraton,vsheraton3s@ycombinator.com,Male,116.9.198.49
138,Thaddeus,Fance,tfance3t@apple.com,Male,57.203.126.28
139,Correna,Reisenberg,creisenberg3u@twitpic.com,Female,49.24.88.169
140,Simon,Cockrem,scockrem3v@cafepress.com,Male,52.136.64.228
141,Rafi,Pauli,rpauli3w@usnews.com,Male,14.35.199.110
142,Brina,Kinnoch,bkinnoch3x@google.ru,Female,227.188.11.170
143,Linell,Gherardesci,lgherardesci3y@gravatar.com,Female,27.113.91.46
144,Catha,Sharratt,csharratt3z@pcworld.com,Female,206.43.230.14
145,Ursula,Robrose,urobrose40@foxnews.com,Female,148.127.104.45
146,Arel,Hanfrey,ahanfrey41@cpanel.net,Polygender,196.106.12.91
147,Euell,Campion,ecampion42@sun.com,Male,176.215.42.196
148,Hamlin,Schaffler,hschaffler43@forbes.com,Male,149.125.12.191
149,Petrina,Beckensall,pbeckensall44@sina.com.cn,Female,131.41.204.69
150,Dania,Tomblin,dtomblin45@prweb.com,Female,165.98.19.207
151,Tanny,McKellen,tmckellen46@unblog.fr,Male,252.57.86.108
152,Henrik,Hateley,hhateley47@indiegogo.com,Male,56.4.204.80
153,Laney,Brewood,lbrewood48@indiegogo.com,Genderfluid,76.138.219.96
154,Tina,Monahan,tmonahan49@joomla.org,Female,70.195.127.226
155,Buddy,O'Dowling,bodowling4a@naver.com,Male,30.141.5.98
156,Markos,Gofton,mgofton4b@google.it,Male,185.102.67.142
157,Kenyon,Capener,kcapener4c@ustream.tv,Male,106.70.53.55
158,Cyndia,Pont,cpont4d@arstechnica.com,Polygender,118.79.212.24
159,Jessalin,Whiskerd,jwhiskerd4e@furl.net,Female,139.213.67.116
160,Garald,Neumann,gneumann4f@howstuffworks.com,Male,219.91.9.132
161,Kizzee,Nore,knore4g@npr.org,Female,143.244.232.167
162,Guglielmo,Surmeir,gsurmeir4h@blinklist.com,Male,79.61.158.151
163,Philomena,Illingsworth,pillingsworth4i@ed.gov,Female,74.195.255.134
164,Raynard,Rospars,rrospars4j@addtoany.com,Male,254.107.156.203
165,Ker,Geerdts,kgeerdts4k@youtu.be,Male,253.120.11.229
166,Ellis,Dagleas,edagleas4l@cbc.ca,Male,97.63.250.80
167,Merle,Kalinowsky,mkalinowsky4m@trellian.com,Male,15.162.0.54
168,Shelagh,Eddisforth,seddisforth4n@cocolog-nifty.com,Female,60.223.243.174
169,Philippe,Storrar,pstorrar4o@photobucket.com,Female,163.212.208.202
170,Grady,Eyer,geyer4p@usgs.gov,Male,136.178.21.86
171,Maximilianus,Ferrero,mferrero4q@stumbleupon.com,Male,153.195.56.58
172,Ellyn,Bahia,ebahia4r@usnews.com,Genderfluid,241.56.95.93
173,Maxy,Algate,malgate4s@blogger.com,Female,65.41.179.38
174,Crista,Vanetti,cvanetti4t@stumbleupon.com,Female,234.73.115.56
175,Delbert,Vockings,dvockings4u@clickbank.net,Male,135.228.130.55
176,Junie,Novik,jnovik4v@wikipedia.org,Female,203.254.192.134
177,Quinn,Harrad,qharrad4w@nyu.edu,Genderfluid,222.110.41.143
178,Donnajean,Hrus,dhrus4x@un.org,Female,216.69.188.28
179,Orran,Fakeley,ofakeley4y@dagondesign.com,Male,141.77.98.202
180,Paulo,Trevains,ptrevains4z@diigo.com,Male,103.77.224.31
181,Elijah,Dublin,edublin50@earthlink.net,Male,221.156.246.61
182,Winnifred,Rosenfelder,wrosenfelder51@kickstarter.com,Female,105.48.198.190
183,Amalita,Gladwin,agladwin52@opera.com,Female,51.55.43.53
184,Geno,Sambedge,gsambedge53@amazon.co.jp,Male,150.174.8.118
185,Emmye,Bentje,ebentje54@usgs.gov,Female,85.249.155.60
186,Brewer,Poltone,bpoltone55@com.com,Male,110.58.83.116
187,Morey,Cobbe,mcobbe56@moonfruit.com,Male,137.12.206.32
188,Lionel,Fulkes,lfulkes57@hao123.com,Male,58.202.233.64
189,Dotty,Dunderdale,ddunderdale58@joomla.org,Female,96.197.45.160
190,Hubert,Probat,hprobat59@phoca.cz,Male,246.1.226.64
191,Dexter,Tombleson,dtombleson5a@examiner.com,Male,38.100.35.199
192,Bailie,Rimour,brimour5b@oracle.com,Polygender,84.137.116.23
193,Rosmunda,Chainey,rchainey5c@cnbc.com,Female,112.183.144.153
194,Charlene,Tournie,ctournie5d@tumblr.com,Female,213.58.160.168
195,Heda,Jancso,hjancso5e@mayoclinic.com,Female,205.218.41.15
196,Freddy,O' Gara,fogara5f@surveymonkey.com,Male,205.179.196.29
197,Irina,De Maria,idemaria5g@wsj.com,Female,226.49.111.28
198,Kacy,Lamyman,klamyman5h@eepurl.com,Female,94.130.222.152
199,Helenelizabeth,Whitmarsh,hwhitmarsh5i@sourceforge.net,Female,174.26.217.27
200,Mal,Gergus,mgergus5j@gov.uk,Male,151.68.44.206
201,Laural,Sutcliffe,lsutcliffe5k@columbia.edu,Female,254.6.66.79
202,Kirbee,Bolzmann,kbolzmann5l@myspace.com,Female,211.153.103.52
203,Inessa,Hounson,ihounson5m@google.cn,Female,122.135.143.209
204,Sarajane,Pulford,spulford5n@de.vu,Female,9.200.224.19
205,Arliene,Tours,atours5o@shinystat.com,Female,87.201.38.53
206,Holden,Doughill,hdoughill5p@wired.com,Male,174.172.148.15
207,Alexander,Groocock,agroocock5q@dropbox.com,Polygender,254.62.109.202
208,Paquito,Eskell,peskell5r@geocities.com,Male,143.81.93.152
209,Kevin,Andrioletti,kandrioletti5s@photobucket.com,Male,171.3.250.165
210,Vincenty,Gaskins,vgaskins5t@usnews.com,Agender,179.209.211.250
211,Pammi,Stockell,pstockell5u@howstuffworks.com,Female,131.171.169.184
212,Corty,Pappin,cpappin5v@seesaa.net,Male,150.145.44.42
213,Hyacinth,Twitchett,htwitchett5w@hexun.com,Female,126.131.88.82
214,Ewell,Hassett,ehassett5x@dyndns.org,Male,79.58.46.72
215,Temple,Robey,trobey5y@github.io,Genderqueer,254.111.1.105
216,Joan,Mullaney,jmullaney5z@ask.com,Female,60.2.35.61
217,Winn,Geerits,wgeerits60@xinhuanet.com,Male,236.77.236.201
218,Francene,Mainston,fmainston61@ihg.com,Bigender,161.29.149.133
219,Justinn,Tiley,jtiley62@cam.ac.uk,Female,69.176.186.240
220,Conney,Mealing,cmealing63@eventbrite.com,Male,143.110.8.175
221,Adriane,Sherme,asherme64@telegraph.co.uk,Female,82.236.47.202
222,Hardy,Lebond,hlebond65@yahoo.co.jp,Male,73.184.188.150
223,Packston,Gorwood,pgorwood66@wiley.com,Male,248.227.48.243
224,Lisabeth,Gotecliffe,lgotecliffe67@shareasale.com,Female,33.141.14.98
225,Jasun,Testro,jtestro68@drupal.org,Male,214.223.84.3
226,Amalie,Evennett,aevennett69@digg.com,Female,118.218.74.184
227,Yorgos,Scriver,yscriver6a@instagram.com,Male,111.115.147.239
228,Aubrette,Balls,aballs6b@indiatimes.com,Female,204.126.211.40
229,Ramon,Van de Castele,rvandecastele6c@bbc.co.uk,Male,248.93.137.15
230,Simonette,Bedrosian,sbedrosian6d@wikimedia.org,Female,63.132.69.239
231,Dinny,Dymott,ddymott6e@digg.com,Female,115.253.49.249
232,Kylila,Todeo,ktodeo6f@redcross.org,Female,56.244.198.158
233,Neel,Beet,nbeet6g@hc360.com,Male,209.200.183.169
234,Blanche,Mastrantone,bmastrantone6h@adobe.com,Female,205.239.222.8
235,Annabell,Bottomer,abottomer6i@purevolume.com,Female,31.124.28.44
236,Royal,Benninck,rbenninck6j@about.com,Male,6.217.64.193
237,Quint,Tivolier,qtivolier6k@microsoft.com,Male,1.19.86.251
238,Humberto,Caswall,hcaswall6l@washingtonpost.com,Male,30.170.69.82
239,Blancha,Coughtrey,bcoughtrey6m@delicious.com,Female,59.21.227.212
240,Jud,Wittier,jwittier6n@istockphoto.com,Male,32.184.194.144
241,Tuesday,Cullen,tcullen6o@google.pl,Female,137.87.95.53
242,Katrina,Burnyeat,kburnyeat6p@berkeley.edu,Female,67.133.70.143
243,Cornall,Alpine,calpine6q@ucoz.com,Male,114.20.161.148
244,Chic,Rablen,crablen6r@washingtonpost.com,Male,42.69.186.194
245,Othilia,Vreede,ovreede6s@uiuc.edu,Bigender,121.45.173.163
246,Darsey,Eccott,deccott6t@huffingtonpost.com,Polygender,106.199.175.102
247,Garek,Myton,gmyton6u@go.com,Male,252.65.95.46
248,Fonz,Suerz,fsuerz6v@mapquest.com,Male,82.1.197.222
249,Marysa,Claus,mclaus6w@goo.ne.jp,Female,64.202.108.159
250,Jordain,Morgans,jmorgans6x@squarespace.com,Female,166.231.243.46
251,Kassandra,Galfour,kgalfour6y@uiuc.edu,Female,108.56.92.128
252,Aharon,Larmour,alarmour6z@bing.com,Male,28.83.177.219
253,Saul,McLice,smclice70@yahoo.co.jp,Genderqueer,207.197.47.31
254,Conn,Finey,cfiney71@phoca.cz,Male,70.108.58.38
255,Elise,Mummery,emummery72@wiley.com,Female,180.177.140.102
256,Patti,Boom,pboom73@tuttocitta.it,Bigender,220.160.211.22
257,Ronny,Charrisson,rcharrisson74@odnoklassniki.ru,Female,84.105.194.213
258,Erina,Parkinson,eparkinson75@mozilla.com,Female,22.210.47.65
259,Camilla,MacGahey,cmacgahey76@wikia.com,Female,157.149.23.46
260,Torrence,Strete,tstrete77@naver.com,Male,110.78.41.131
261,Marcille,Hyman,mhyman78@wp.com,Female,71.9.69.157
262,Emery,Tyzack,etyzack79@cbc.ca,Male,185.223.1.255
263,Gunilla,Hanmore,ghanmore7a@fotki.com,Female,169.98.71.117
264,Erick,Bottby,ebottby7b@purevolume.com,Male,160.246.140.216
265,Del,McKenna,dmckenna7c@amazon.co.jp,Female,49.170.182.217
266,Maighdiln,Mulliss,mmulliss7d@naver.com,Female,47.97.51.6
267,Any,Dennick,adennick7e@virginia.edu,Male,143.73.83.82
268,Elsi,Covendon,ecovendon7f@surveymonkey.com,Female,210.192.60.209
269,Evelyn,Simeone,esimeone7g@ucoz.ru,Polygender,122.88.251.147
270,Adelind,Mulroy,amulroy7h@ustream.tv,Female,251.104.171.5
271,Yvon,Grishin,ygrishin7i@noaa.gov,Male,212.20.99.231
272,Andreana,Kilfeder,akilfeder7j@mashable.com,Female,149.19.237.198
273,Scotti,Skerritt,sskerritt7k@stanford.edu,Male,185.17.161.27
274,Herve,Neicho,hneicho7l@furl.net,Male,81.24.143.235
275,Rouvin,Cavozzi,rcavozzi7m@goo.gl,Male,110.72.31.153
276,Trish,Ayling,tayling7n@xinhuanet.com,Female,137.132.1.172
277,Joli,Pyott,jpyott7o@psu.edu,Female,230.164.222.134
278,Genovera,Labadini,glabadini7p@godaddy.com,Non-binary,183.204.12.142
279,Mela,Kroger,mkroger7q@wikispaces.com,Female,3.86.176.144
280,Luisa,Entwistle,lentwistle7r@bandcamp.com,Female,144.248.90.125
281,Cyndia,Ramsden,cramsden7s@51.la,Female,122.128.4.69
282,Fin,Habben,fhabben7t@java.com,Male,85.58.128.225
283,Gaby,Hardage,ghardage7u@berkeley.edu,Female,201.31.228.217
284,Leopold,Hause,lhause7v@storify.com,Male,176.22.238.94
285,Carlie,Kegan,ckegan7w@hao123.com,Male,155.154.84.134
286,Pebrook,Stammirs,pstammirs7x@state.tx.us,Male,173.83.13.69
287,Katrine,Gazey,kgazey7y@dailymail.co.uk,Female,105.80.196.64
288,Elvyn,Kesterton,ekesterton7z@howstuffworks.com,Male,174.121.99.141
289,Malinda,Crampsy,mcrampsy80@omniture.com,Female,180.14.226.19
290,Garrek,Wynn,gwynn81@nsw.gov.au,Male,75.66.141.188
291,Shaylyn,Cessford,scessford82@twitter.com,Female,119.40.151.145
292,Manya,Berresford,mberresford83@paypal.com,Female,50.89.64.204
293,Alverta,Kefford,akefford84@cornell.edu,Female,123.33.45.254
294,Avivah,Pygott,apygott85@clickbank.net,Female,112.17.124.2
295,Corliss,Leythley,cleythley86@usnews.com,Female,243.78.146.199
296,Hart,Caws,hcaws87@berkeley.edu,Male,169.58.209.255
297,Tallie,Vigneron,tvigneron88@tinypic.com,Non-binary,182.17.188.247
298,Almire,Gurnell,agurnell89@nba.com,Female,90.82.241.75
299,Ingrid,Fucher,ifucher8a@youtu.be,Polygender,219.128.89.88
300,Jody,Skipworth,jskipworth8b@prnewswire.com,Male,18.177.251.99
301,Wilek,Pohling,wpohling8c@chicagotribune.com,Male,109.64.87.94
302,Bryna,Hernik,bhernik8d@youtu.be,Female,211.67.127.94
303,Vilhelmina,Lorentz,vlorentz8e@epa.gov,Female,105.42.5.200
304,Hale,Halsall,hhalsall8f@homestead.com,Male,71.83.67.83
305,Bryana,MacAlinden,bmacalinden8g@mashable.com,Female,9.17.192.103
306,Scot,Vickerstaff,svickerstaff8h@cafepress.com,Male,13.35.62.166
307,Francesco,Schwand,fschwand8i@drupal.org,Male,80.79.213.232
308,Isa,Kyston,ikyston8j@ifeng.com,Male,164.235.127.13
309,Anne-marie,Duckett,aduckett8k@si.edu,Female,236.70.55.177
310,Niccolo,Beagan,nbeagan8l@hp.com,Male,191.211.223.249
311,Carlina,Lankester,clankester8m@fotki.com,Female,170.232.63.148
312,Herc,Cottisford,hcottisford8n@sciencedaily.com,Male,201.225.207.181
313,Priscella,Hove,phove8o@github.com,Female,58.210.127.23
314,Hildegarde,Massei,hmassei8p@newsvine.com,Non-binary,223.115.61.7
315,Daniel,Scotchbourouge,dscotchbourouge8q@opera.com,Male,111.148.152.75
316,Isac,Rosenschein,irosenschein8r@cafepress.com,Male,170.111.103.198
317,Dayle,Laherty,dlaherty8s@friendfeed.com,Female,1.162.14.75
318,Evered,Warnes,ewarnes8t@usatoday.com,Male,53.86.28.1
319,Doralynn,Dunnan,ddunnan8u@shinystat.com,Female,171.112.133.140
320,Cherish,Abrahamsen,cabrahamsen8v@csmonitor.com,Female,78.114.53.5
321,Israel,Kopacek,ikopacek8w@mapy.cz,Male,176.216.221.180
322,Forster,Goodanew,fgoodanew8x@qq.com,Non-binary,58.221.116.205
323,Clair,Corrett,ccorrett8y@altervista.org,Genderfluid,127.64.60.102
324,Zonnya,Achromov,zachromov8z@msu.edu,Female,197.162.51.160
325,Jeffy,Cayet,jcayet90@jigsy.com,Male,109.111.192.194
326,Gerrie,Gilvear,ggilvear91@skyrock.com,Male,83.38.98.54
327,Sydelle,Gribble,sgribble92@paypal.com,Female,243.253.221.136
328,Valentine,Hammerton,vhammerton93@narod.ru,Female,27.168.131.61
329,Brandtr,Martignon,bmartignon94@dailymotion.com,Male,119.11.233.13
330,Lilly,Vynall,lvynall95@theglobeandmail.com,Female,69.212.84.104
331,Inna,Semeniuk,isemeniuk96@sourceforge.net,Female,202.173.149.97
332,Valencia,Schultze,vschultze97@bluehost.com,Female,120.248.168.122
333,Debera,Kirkup,dkirkup98@is.gd,Female,185.172.171.146
334,Brady,Attwood,battwood99@booking.com,Male,172.244.69.225
335,Hodge,Wille,hwille9a@eventbrite.com,Male,30.115.136.19
336,Emerson,Dalziell,edalziell9b@un.org,Male,35.168.104.141
337,Sheffy,Daniell,sdaniell9c@sourceforge.net,Male,208.38.189.180
338,Gracie,Bartke,gbartke9d@china.com.cn,Polygender,100.237.40.184
339,Philippe,Ferrand,pferrand9e@businesswire.com,Female,161.243.222.181
340,Viviyan,Embury,vembury9f@princeton.edu,Female,18.150.221.246
341,Dennis,Bosward,dbosward9g@ed.gov,Male,90.24.138.45
342,Vanny,Lishmund,vlishmund9h@blogs.com,Female,48.37.48.204
343,Augustus,Mathieson,amathieson9i@wikispaces.com,Male,158.117.236.75
344,Minerva,Culshew,mculshew9j@smugmug.com,Female,19.102.237.141
345,Neal,Stockdale,nstockdale9k@miitbeian.gov.cn,Male,80.7.150.92
346,Cele,Aggiss,caggiss9l@istockphoto.com,Female,138.43.50.75
347,Iggie,Peeke,ipeeke9m@istockphoto.com,Bigender,93.104.199.15
348,Davis,Mohun,dmohun9n@geocities.jp,Male,200.115.80.77
349,Carline,Boggas,cboggas9o@is.gd,Female,208.176.80.143
350,Anders,Crocetti,acrocetti9p@w3.org,Male,131.92.178.183
351,Galvin,Kidsley,gkidsley9q@wunderground.com,Male,110.186.251.81
352,Elonore,Hradsky,ehradsky9r@google.pl,Female,71.0.190.61
353,Taylor,Lea,tlea9s@hhs.gov,Male,132.107.74.145
354,Jaimie,Westmoreland,jwestmoreland9t@webnode.com,Male,146.222.63.151
355,Gorden,Bleddon,gbleddon9u@live.com,Male,95.171.125.181
356,Felita,Mawford,fmawford9v@about.me,Female,54.118.254.236
357,Corina,Curuclis,ccuruclis9w@google.ca,Female,47.199.18.59
358,Binky,Simpkiss,bsimpkiss9x@ted.com,Male,33.161.119.181
359,Josi,Lidgard,jlidgard9y@sogou.com,Female,130.46.8.22
360,Tamra,Cahey,tcahey9z@instagram.com,Female,228.42.207.40
361,Gary,Bullant,gbullanta0@nifty.com,Bigender,137.70.42.107
362,Kenneth,Gyorffy,kgyorffya1@alexa.com,Male,99.97.58.252
363,Arvie,Stollenbecker,astollenbeckera2@gov.uk,Male,26.81.189.66
364,Nady,Gosselin,ngosselina3@sfgate.com,Female,191.132.117.27
365,Tamra,Good,tgooda4@soundcloud.com,Female,246.189.230.73
366,Findley,Affleck,fafflecka5@dmoz.org,Male,92.248.64.45
367,Ara,Bengall,abengalla6@elegantthemes.com,Male,110.14.230.45
368,Tiffy,Lowy,tlowya7@dion.ne.jp,Female,69.123.216.231
369,Elsey,Scouler,escoulera8@moonfruit.com,Female,211.216.223.206
370,Rosette,Abbet,rabbeta9@slashdot.org,Female,46.101.44.3
371,Nerty,Skipp,nskippaa@g.co,Female,22.153.56.202
372,Jacquette,Levane,jlevaneab@discuz.net,Genderqueer,208.178.87.145
373,Felike,Ferens,fferensac@meetup.com,Male,21.186.156.218
374,Corty,Agron,cagronad@senate.gov,Male,85.176.7.83
375,Reggie,Hilling,rhillingae@typepad.com,Non-binary,160.225.125.242
376,Maynord,Kelledy,mkelledyaf@jiathis.com,Male,95.185.72.24
377,Phil,Rontree,prontreeag@google.co.uk,Female,251.47.35.183
378,Baryram,Rallin,brallinah@comcast.net,Genderqueer,44.130.56.95
379,Flore,Shanley,fshanleyai@qq.com,Female,245.140.10.219
380,Lefty,Goodyer,lgoodyeraj@rambler.ru,Male,47.247.85.74
381,Gabriell,Hulburd,ghulburdak@stanford.edu,Female,235.123.80.43
382,Hortense,Hubery,hhuberyal@vimeo.com,Female,114.190.179.214
383,Scotti,Simkovitz,ssimkovitzam@sourceforge.net,Male,44.224.165.7
384,Percival,Bottrell,pbottrellan@imgur.com,Male,97.47.221.60
385,Waly,Caiger,wcaigerao@oaic.gov.au,Female,141.142.10.20
386,Cameron,Gye,cgyeap@xrea.com,Male,64.103.113.251
387,Ambrosius,Pitfield,apitfieldaq@webs.com,Male,185.75.12.84
388,Adam,Borne,abornear@goo.ne.jp,Male,48.144.133.142
389,Spike,Francescoccio,sfrancescoccioas@biblegateway.com,Male,125.165.26.37
390,Ruddy,Loveman,rlovemanat@gizmodo.com,Male,52.76.194.249
391,Thain,Beldham,tbeldhamau@yandex.ru,Non-binary,103.37.6.5
392,Janene,Brocks,jbrocksav@unc.edu,Female,131.147.147.93
393,Donalt,Ronchka,dronchkaaw@hud.gov,Male,142.189.103.183
394,Ashlan,Mathen,amathenax@usa.gov,Female,249.218.11.168
395,Euphemia,Domek,edomekay@alexa.com,Female,6.26.7.196
396,Delcine,Oldacres,doldacresaz@illinois.edu,Female,133.178.231.118
397,Cleon,Coldbath,ccoldbathb0@phpbb.com,Male,37.42.144.233
398,Martyn,Clemoes,mclemoesb1@acquirethisname.com,Male,234.17.0.24
399,Junette,Abelson,jabelsonb2@reverbnation.com,Female,249.161.152.9
400,Barny,Buglar,bbuglarb3@tinyurl.com,Male,234.140.208.95
401,Bo,Fritter,bfritterb4@squarespace.com,Male,99.207.55.3
402,Cornie,Krelle,ckrelleb5@homestead.com,Male,116.35.139.251
403,Chelsae,MacAne,cmacaneb6@miibeian.gov.cn,Female,166.244.21.33
404,Fanchette,Le Noury,flenouryb7@shop-pro.jp,Female,66.108.173.163
405,Eleni,Ciccone,ecicconeb8@hexun.com,Female,88.153.69.167
406,Fanya,Ghilardini,fghilardinib9@google.es,Female,4.111.2.6
407,Oralia,Tunnicliff,otunnicliffba@illinois.edu,Female,37.28.17.146
408,Giff,Lintall,glintallbb@gizmodo.com,Male,26.226.239.80
409,Nari,Donet,ndonetbc@amazon.de,Female,132.75.124.215
410,Robin,Falconar,rfalconarbd@weebly.com,Male,50.200.138.222
411,Everard,Leteurtre,eleteurtrebe@redcross.org,Male,22.177.163.163
412,Rusty,Backwell,rbackwellbf@go.com,Male,131.77.98.170
413,Hephzibah,Moran,hmoranbg@pcworld.com,Female,21.11.11.57
414,Patric,Grocock,pgrocockbh@flickr.com,Male,53.144.56.143
415,Madalena,Goldhawk,mgoldhawkbi@nymag.com,Female,202.165.187.140
416,Averil,Couroy,acouroybj@jalbum.net,Male,148.50.22.130
417,Rosie,Yerlett,ryerlettbk@mac.com,Female,56.226.37.49
418,Rosabelle,Kiledal,rkiledalbl@army.mil,Female,250.195.156.19
419,Skell,Lobb,slobbbm@symantec.com,Male,21.64.114.138
420,Latashia,Cowland,lcowlandbn@devhub.com,Female,46.162.107.120
421,Dorette,Lightwing,dlightwingbo@nationalgeographic.com,Female,223.159.15.188
422,Illa,Grieger,igriegerbp@bloglines.com,Female,5.69.213.39
423,Alysia,Tutton,atuttonbq@google.co.uk,Genderfluid,178.82.171.59
424,Anette,Woolham,awoolhambr@noaa.gov,Female,88.18.141.108
425,Ker,Hellmer,khellmerbs@tamu.edu,Male,82.139.80.221
426,Moore,Holt,mholtbt@intel.com,Male,229.113.197.110
427,Dick,Catherick,dcatherickbu@spiegel.de,Male,203.14.62.185
428,Linnet,Bauer,lbauerbv@reverbnation.com,Female,11.194.47.24
429,Rickard,Seamarke,rseamarkebw@psu.edu,Male,247.168.67.205
430,Luce,Hellikes,lhellikesbx@virginia.edu,Male,162.214.232.69
431,Bran,Kiljan,bkiljanby@webeden.co.uk,Male,170.8.218.57
432,Joanna,Haysham,jhayshambz@cpanel.net,Female,80.144.58.214
433,Dougie,Portchmouth,dportchmouthc0@arizona.edu,Male,172.220.160.132
434,Debor,Brockie,dbrockiec1@skype.com,Female,184.37.133.62
435,Tomasine,Elcombe,telcombec2@fotki.com,Female,38.125.48.222
436,Gayelord,Rowbottam,growbottamc3@ifeng.com,Male,180.175.110.112
437,Osgood,Brunini,obruninic4@stanford.edu,Male,157.154.251.197
438,Benedick,Raybould,braybouldc5@bandcamp.com,Male,98.113.71.44
439,Tiffanie,Shearsby,tshearsbyc6@mit.edu,Female,237.186.193.245
440,Antonio,Mauser,amauserc7@dot.gov,Male,90.142.206.91
441,Cherice,Rogeon,crogeonc8@etsy.com,Female,85.59.10.232
442,Olivia,Louys,olouysc9@instagram.com,Female,54.233.49.177
443,Katrine,Snassell,ksnassellca@home.pl,Female,4.196.77.45
444,Bernardina,Novacek,bnovacekcb@ifeng.com,Female,10.216.118.251
445,Bard,Sowerbutts,bsowerbuttscc@slideshare.net,Male,64.251.151.188
446,Wallie,Syplus,wsypluscd@ucsd.edu,Male,207.119.11.254
447,Bronny,Medlin,bmedlince@jigsy.com,Male,67.193.165.118
448,Garrot,Sudworth,gsudworthcf@comcast.net,Male,78.222.236.185
449,Shay,Roony,sroonycg@creativecommons.org,Male,194.102.24.253
450,Alex,Fluck,afluckch@twitter.com,Male,190.67.95.100
451,Casie,McElhinney,cmcelhinneyci@craigslist.org,Polygender,100.158.199.148
452,Norbie,Le Provost,nleprovostcj@smugmug.com,Male,105.9.15.35
453,Yetta,Raraty,yraratyck@multiply.com,Female,110.55.157.182
454,Tudor,Shorey,tshoreycl@engadget.com,Male,164.91.192.97
455,Phelia,Skett,pskettcm@reuters.com,Female,245.86.253.237
456,Harmony,Stormouth,hstormouthcn@berkeley.edu,Female,132.142.80.219
457,Mark,Uzelli,muzellico@surveymonkey.com,Male,136.58.59.236
458,Sheryl,Hradsky,shradskycp@delicious.com,Female,242.69.31.120
459,Flss,Bohje,fbohjecq@indiegogo.com,Female,42.38.212.128
460,Aldin,Tingley,atingleycr@geocities.jp,Non-binary,1.54.0.56
461,Finlay,Kesey,fkeseycs@live.com,Male,90.33.192.158
462,Binky,Zielinski,bzielinskict@quantcast.com,Male,18.151.85.214
463,Marcel,Franzoli,mfranzolicu@feedburner.com,Male,72.51.204.193
464,Johnnie,O'Kane,jokanecv@un.org,Male,100.50.90.170
465,Palm,Grube,pgrubecw@imdb.com,Polygender,131.22.246.44
466,Curry,Bea,cbeacx@artisteer.com,Male,144.142.5.233
467,Gradey,Woodroofe,gwoodroofecy@oaic.gov.au,Male,116.155.149.115
468,Lucina,Sarre,lsarrecz@tinypic.com,Female,90.18.4.113
469,Idette,Sweetenham,isweetenhamd0@pagesperso-orange.fr,Female,95.161.0.152
470,Jeff,Blockey,jblockeyd1@walmart.com,Male,178.169.109.47
471,Alasteir,Sheed,asheedd2@yahoo.co.jp,Male,230.33.79.48
472,Lauretta,Culverhouse,lculverhoused3@businesswire.com,Female,178.216.190.156
473,Robinetta,Leeming,rleemingd4@amazon.co.uk,Female,80.84.125.128
474,Marcel,Fusco,mfuscod5@yahoo.com,Male,55.242.214.167
475,Margaretta,Cannicott,mcannicottd6@rakuten.co.jp,Female,253.62.132.118
476,Stu,Darracott,sdarracottd7@telegraph.co.uk,Male,184.17.138.191
477,Percy,Fooks,pfooksd8@slideshare.net,Male,41.255.77.87
478,Thedrick,Barringer,tbarringerd9@wikimedia.org,Male,181.198.87.62
479,Scottie,Aupol,saupolda@usa.gov,Male,65.238.245.86
480,Lacy,Kinkade,lkinkadedb@scientificamerican.com,Female,222.141.6.237
481,Carlie,Reggio,creggiodc@harvard.edu,Genderfluid,118.101.117.237
482,Everard,Girault,egiraultdd@ycombinator.com,Male,48.80.29.173
483,Leandra,Leese,lleesede@desdev.cn,Agender,67.83.234.78
484,Otis,Suggett,osuggettdf@ucoz.ru,Male,158.19.234.47
485,Lane,Ewbanck,lewbanckdg@europa.eu,Female,148.223.51.116
486,Wileen,Bodocs,wbodocsdh@1und1.de,Female,67.51.60.207
487,Gayler,Mosdell,gmosdelldi@usatoday.com,Male,8.53.183.24
488,Christie,Chastan,cchastandj@wikipedia.org,Male,240.162.106.131
489,Lari,Booley,lbooleydk@odnoklassniki.ru,Female,8.225.177.242
490,Preston,Ommundsen,pommundsendl@lulu.com,Male,109.243.237.18
491,Erin,Asif,easifdm@pagesperso-orange.fr,Female,6.132.210.83
492,Ernesta,Bartolommeo,ebartolommeodn@gov.uk,Female,203.163.151.168
493,Eldon,Soars,esoarsdo@google.es,Male,170.77.210.152
494,Lauri,Hunton,lhuntondp@istockphoto.com,Female,107.32.229.174
495,Abbott,Cain,acaindq@cmu.edu,Male,120.139.19.219
496,Camellia,Moatt,cmoattdr@netlog.com,Female,133.119.160.17
497,Rebecka,Bruckmann,rbruckmannds@example.com,Agender,248.34.178.39
498,Chiarra,Petris,cpetrisdt@netscape.com,Female,17.104.74.246
499,Sunny,Yakubowicz,syakubowiczdu@prlog.org,Male,235.111.38.16
500,Annie,Le Houx,alehouxdv@blogger.com,Female,203.196.95.157
501,Darnall,Jodlkowski,djodlkowskidw@mail.ru,Male,24.173.86.206
502,Inglis,Labone,ilabonedx@ovh.net,Polygender,209.52.53.243
503,Barbi,Covotti,bcovottidy@msn.com,Female,244.43.21.226
504,Kellie,Richemont,krichemontdz@123-reg.co.uk,Female,180.101.197.176
505,Esther,Pentelo,epenteloe0@amazon.de,Female,20.96.241.81
506,Odelia,Sopper,osoppere1@ucoz.com,Female,71.29.175.32
507,Lanny,Farington,lfaringtone2@hhs.gov,Male,180.67.12.186
508,Kristine,Melliard,kmelliarde3@yelp.com,Female,193.82.183.60
509,Nessa,Domone,ndomonee4@google.com,Female,87.196.121.218
510,Emmeline,Rowston,erowstone5@vk.com,Female,253.4.25.95
511,Winn,Bastock,wbastocke6@examiner.com,Male,37.84.241.179
512,Merrily,Saltwell,msaltwelle7@europa.eu,Female,185.238.216.91
513,Farly,Pudney,fpudneye8@gnu.org,Agender,199.248.83.193
514,Leonardo,Salvador,lsalvadore9@altervista.org,Male,160.171.47.171
515,Sally,Vaudin,svaudinea@techcrunch.com,Female,126.219.244.97
516,Isadora,Muffin,imuffineb@paginegialle.it,Female,18.125.182.66
517,Hadleigh,Potteridge,hpotteridgeec@php.net,Male,7.160.145.177
518,Aggie,Kennon,akennoned@google.ca,Genderqueer,18.218.146.212
519,Kerwinn,Beeden,kbeedenee@opensource.org,Polygender,213.49.142.37
520,Tamar,Kose,tkoseef@ehow.com,Female,2.189.5.249
521,Corina,Sillett,csilletteg@weebly.com,Female,225.30.171.174
522,Hillery,Kubasek,hkubasekeh@delicious.com,Male,239.104.14.60
523,Alexio,Guinness,aguinnessei@sphinn.com,Male,81.143.244.94
524,Augustine,Barrack,abarrackej@discuz.net,Male,6.75.31.54
525,Freemon,Lloyd-Williams,flloydwilliamsek@bing.com,Male,237.244.124.169
526,Derrik,Oats,doatsel@constantcontact.com,Male,198.103.131.189
527,Karyn,Card,kcardem@europa.eu,Female,93.24.189.63
528,Cob,Bloodworth,cbloodworthen@addtoany.com,Male,128.16.149.76
529,Mandy,April,maprileo@rakuten.co.jp,Female,105.92.64.78
530,Anders,Moxley,amoxleyep@qq.com,Male,248.251.187.190
531,Remy,Brandli,rbrandlieq@tuttocitta.it,Female,117.197.126.168
532,Katrine,Bente,kbenteer@mysql.com,Female,143.95.209.9
533,Cobbie,Magog,cmagoges@sogou.com,Male,168.89.198.108
534,Camila,de Savery,cdesaveryet@disqus.com,Female,91.210.12.125
535,Fleming,Muir,fmuireu@gravatar.com,Male,31.153.150.163
536,Hanson,Gong,hgongev@nhs.uk,Male,251.13.239.25
537,Harold,Burdass,hburdassew@prweb.com,Male,169.11.213.180
538,Estel,Cogman,ecogmanex@geocities.jp,Genderqueer,245.9.11.111
539,Edwina,Livesley,elivesleyey@examiner.com,Female,69.212.29.114
540,Mollee,Gethen,mgethenez@jimdo.com,Female,13.209.115.168
541,Verney,Crickmer,vcrickmerf0@ezinearticles.com,Male,117.240.55.250
542,Humberto,Crannage,hcrannagef1@google.co.uk,Male,163.134.205.180
543,Orelia,Doull,odoullf2@prweb.com,Female,183.169.181.90
544,Ephraim,Vesco,evescof3@berkeley.edu,Male,120.47.2.249
545,Jasmin,Hansberry,jhansberryf4@ning.com,Female,3.48.145.207
546,Erv,Cockrell,ecockrellf5@google.ca,Male,102.150.224.5
547,Valera,Dermott,vdermottf6@scientificamerican.com,Female,45.106.213.62
548,Floria,Camps,fcampsf7@slideshare.net,Female,100.234.99.213
549,Gerianna,Sydenham,gsydenhamf8@hexun.com,Female,122.145.37.200
550,Tania,Kornes,tkornesf9@bizjournals.com,Genderfluid,63.192.244.223
551,Flemming,Filby,ffilbyfa@wisc.edu,Male,68.106.54.49
552,Traci,Padwick,tpadwickfb@hc360.com,Female,108.221.133.199
553,Lark,Knightley,lknightleyfc@pcworld.com,Female,104.106.188.14
554,Drusy,Wilkowski,dwilkowskifd@istockphoto.com,Female,7.208.137.7
555,Bess,Abdon,babdonfe@noaa.gov,Female,20.229.27.10
556,Germain,Blackney,gblackneyff@earthlink.net,Male,59.197.45.233
557,Belicia,Sevior,bseviorfg@gnu.org,Polygender,130.123.222.199
558,Zachariah,Ellsworthe,zellsworthefh@sphinn.com,Male,114.244.42.125
559,Clotilda,Rowling,crowlingfi@tumblr.com,Female,225.213.253.91
560,Lucinda,Castagneto,lcastagnetofj@mozilla.com,Non-binary,2.246.145.172
561,Aldin,Colville,acolvillefk@state.gov,Male,102.217.193.169
562,Cecilius,Labdon,clabdonfl@marriott.com,Male,98.80.124.234
563,Ailene,Otto,aottofm@slate.com,Female,54.168.128.44
564,Jodi,Carrigan,jcarriganfn@comcast.net,Male,225.112.189.111
565,Hersh,Wellard,hwellardfo@epa.gov,Male,255.207.226.158
566,Breanne,Bruntjen,bbruntjenfp@shinystat.com,Female,140.194.18.217
567,Krystalle,Rowat,krowatfq@icio.us,Female,248.14.44.19
568,Caye,Wrotham,cwrothamfr@wikispaces.com,Female,44.92.43.244
569,Jany,Dupoy,jdupoyfs@angelfire.com,Female,206.129.207.204
570,Montague,Renney,mrenneyft@pinterest.com,Male,52.92.0.242
571,Fonzie,McBean,fmcbeanfu@creativecommons.org,Male,145.94.108.178
572,Jillian,Lodemann,jlodemannfv@wunderground.com,Female,241.194.89.110
573,Salome,Perott,sperottfw@livejournal.com,Female,43.88.88.217
574,Caroline,Hannum,channumfx@google.com.hk,Female,55.217.50.61
575,Karlen,Ellyatt,kellyattfy@nbcnews.com,Female,255.109.115.31
576,Ange,Lettington,alettingtonfz@google.com.hk,Female,154.0.26.32
577,Janos,Hilldrup,jhilldrupg0@businessweek.com,Male,62.16.202.226
578,Nelly,Cutten,ncutteng1@globo.com,Female,128.115.116.167
579,Baldwin,Saylor,bsaylorg2@unc.edu,Male,70.64.179.248
580,Chelsey,Rosettini,crosettinig3@state.tx.us,Female,170.16.119.20
581,Larine,Beggio,lbeggiog4@posterous.com,Female,184.166.153.107
582,Richmound,Claasen,rclaaseng5@auda.org.au,Male,33.128.18.62
583,Linea,Saiger,lsaigerg6@so-net.ne.jp,Female,43.69.170.58
584,Jamill,Butterley,jbutterleyg7@stumbleupon.com,Male,122.50.252.126
585,Amandy,Patridge,apatridgeg8@privacy.gov.au,Female,71.214.152.131
586,Warden,Jobke,wjobkeg9@goo.ne.jp,Male,50.32.123.53
587,Dana,Burbridge,dburbridgega@hud.gov,Male,137.41.207.233
588,Harmon,Bea,hbeagb@blinklist.com,Male,131.37.238.92
589,Opal,Whimp,owhimpgc@fda.gov,Non-binary,38.198.224.133
590,Leonid,Wolfe,lwolfegd@jalbum.net,Male,40.103.196.34
591,Domenic,Vispo,dvispoge@berkeley.edu,Male,139.183.228.191
592,Odo,Stendell,ostendellgf@ca.gov,Male,175.241.181.33
593,Ray,Tapsell,rtapsellgg@ebay.co.uk,Male,50.125.137.191
594,Jeffie,Goodband,jgoodbandgh@cpanel.net,Male,67.246.105.76
595,Ezekiel,Jozefiak,ejozefiakgi@arizona.edu,Male,67.11.13.120
596,Marita,Tolotti,mtolottigj@about.me,Female,20.159.130.226
597,Farra,Lafoy,flafoygk@booking.com,Female,246.109.175.8
598,Nealson,Bottjer,nbottjergl@jugem.jp,Male,148.151.147.168
599,Garv,Cisec,gcisecgm@twitter.com,Genderqueer,61.158.179.164
600,Emelia,Dugue,eduguegn@bloglines.com,Female,228.77.160.234
601,Brannon,MacKeller,bmackellergo@github.com,Male,160.250.1.134
602,Isabeau,Caddock,icaddockgp@jimdo.com,Female,91.89.79.135
603,Rriocard,Gabbetis,rgabbetisgq@umich.edu,Male,46.81.229.79
604,Pennie,Le Frank,plefrankgr@independent.co.uk,Female,82.12.160.43
605,Nap,Brozek,nbrozekgs@state.tx.us,Male,97.26.71.12
606,Flore,Malcolm,fmalcolmgt@dion.ne.jp,Female,80.86.243.30
607,Hebert,Sydenham,hsydenhamgu@mediafire.com,Male,52.145.238.60
608,Dodi,Bridgwood,dbridgwoodgv@wordpress.org,Female,236.10.243.109
609,Shellysheldon,Simkins,ssimkinsgw@weibo.com,Male,27.84.161.239
610,Clifford,Masi,cmasigx@geocities.jp,Male,56.63.89.20
611,Emmy,Beardmore,ebeardmoregy@yale.edu,Genderfluid,126.154.168.173
612,Penelope,MacMickan,pmacmickangz@hubpages.com,Non-binary,55.106.139.90
613,Marlo,Varnals,mvarnalsh0@booking.com,Non-binary,112.154.68.85
614,Zabrina,MacDearmid,zmacdearmidh1@theglobeandmail.com,Female,244.57.66.156
615,Zedekiah,Kolodziejski,zkolodziejskih2@netvibes.com,Male,146.33.213.122
616,Fulton,Serjent,fserjenth3@youtube.com,Male,202.131.22.7
617,Elia,Winkle,ewinkleh4@wsj.com,Male,56.93.88.136
618,Barnard,Karlolczak,bkarlolczakh5@bbb.org,Male,73.62.94.225
619,Ellwood,Scoffham,escoffhamh6@cisco.com,Male,108.32.103.138
620,Gamaliel,Naisby,gnaisbyh7@artisteer.com,Male,132.112.203.227
621,Guglielma,McClinton,gmcclintonh8@va.gov,Female,221.132.191.115
622,Stinky,Dobble,sdobbleh9@sbwire.com,Male,239.192.1.52
623,Mendel,Inston,minstonha@sbwire.com,Male,251.183.96.46
624,Yehudit,Weitzel,yweitzelhb@paypal.com,Male,108.211.130.252
625,Laverna,Hacquard,lhacquardhc@ca.gov,Female,50.203.174.233
626,Margarethe,Cullimore,mcullimorehd@opera.com,Female,231.116.240.118
627,Kellsie,Ruler,krulerhe@ted.com,Female,5.42.14.227
628,Duffie,Belcham,dbelchamhf@adobe.com,Male,84.162.225.236
629,Butch,Pietrowski,bpietrowskihg@taobao.com,Male,51.165.80.3
630,Montague,Denk,mdenkhh@freewebs.com,Male,62.85.225.53
631,Kayle,Metcalf,kmetcalfhi@histats.com,Female,41.211.81.190
632,Eveline,Elias,eeliashj@usatoday.com,Female,167.177.231.226
633,Allison,Raiker,araikerhk@nymag.com,Female,160.16.46.222
634,Adolpho,Meeron,ameeronhl@mozilla.com,Male,78.131.176.38
635,Anne,Arrington,aarringtonhm@biblegateway.com,Female,89.42.195.78
636,Crichton,Ianinotti,cianinottihn@uol.com.br,Agender,244.8.253.20
637,Helenelizabeth,Heustice,hheusticeho@biglobe.ne.jp,Female,23.159.63.38
638,Lanita,Matis,lmatishp@slideshare.net,Female,35.25.251.33
639,Jarred,Franciotti,jfranciottihq@cornell.edu,Male,109.218.125.149
640,Yelena,Slessor,yslessorhr@bbb.org,Female,6.61.146.135
641,Emyle,Gomery,egomeryhs@cnbc.com,Female,25.8.59.104
642,Bill,Fishbourne,bfishbourneht@slashdot.org,Male,43.192.78.73
643,Netta,Halligan,nhalliganhu@bizjournals.com,Agender,47.213.116.70
644,Blanche,Hadlington,bhadlingtonhv@google.fr,Non-binary,118.116.65.84
645,Elfie,Jeanon,ejeanonhw@seesaa.net,Female,60.219.217.205
646,Mitchel,Mattocks,mmattockshx@symantec.com,Male,197.223.236.189
647,Town,Teaze,tteazehy@list-manage.com,Male,87.65.81.47
648,Delora,How to preserve,dhowtopreservehz@howstuffworks.com,Female,161.76.3.155
649,Washington,Frenzl,wfrenzli0@who.int,Male,247.1.234.129
650,Waite,Feaks,wfeaksi1@who.int,Male,100.235.242.81
651,Jacquelin,Kunz,jkunzi2@is.gd,Female,231.233.235.220
652,Brok,Paulton,bpaultoni3@pagesperso-orange.fr,Male,130.55.86.41
653,Ripley,O'Calleran,rocallerani4@instagram.com,Male,87.137.162.91
654,Aurel,Flaxon,aflaxoni5@wisc.edu,Female,22.107.189.164
655,Colman,Stygall,cstygalli6@delicious.com,Male,40.155.221.183
656,Claretta,Ionnidis,cionnidisi7@imdb.com,Female,143.214.15.152
657,Marthena,Hintzer,mhintzeri8@utexas.edu,Polygender,72.196.80.251
658,Shina,Mercey,smerceyi9@wikimedia.org,Female,192.50.221.250
659,Audry,Billes,abillesia@oakley.com,Female,226.96.243.249
660,Tildy,Lakeland,tlakelandib@nps.gov,Female,220.109.169.48
661,Roosevelt,Rotham,rrothamic@ebay.com,Male,83.40.78.40
662,Sigismund,Wiggall,swiggallid@seesaa.net,Male,203.88.204.136
663,Jaquenette,Bengall,jbengallie@ow.ly,Female,134.26.238.125
664,Isabelita,Perrin,iperrinif@cisco.com,Female,153.109.43.3
665,Marc,Goodband,mgoodbandig@bandcamp.com,Male,144.61.35.212
666,Papageno,Nathan,pnathanih@reuters.com,Male,60.91.229.211
667,Catrina,Olczyk,colczykii@china.com.cn,Female,221.242.17.110
668,Ian,Howe,ihoweij@webs.com,Male,113.2.55.62
669,Halsey,Teodorski,hteodorskiik@xing.com,Male,135.188.185.105
670,Stavros,Burress,sburressil@i2i.jp,Male,210.95.253.254
671,Felix,Swallwell,fswallwellim@amazon.co.uk,Male,2.102.167.211
672,Ezmeralda,MacAndreis,emacandreisin@booking.com,Female,120.248.163.112
673,Broderick,Pottes,bpottesio@yolasite.com,Male,154.13.36.71
674,Kiele,Kingzet,kkingzetip@sogou.com,Bigender,106.184.76.16
675,Emlynne,Tudball,etudballiq@about.me,Female,186.148.66.48
676,Cesya,Teaser,cteaserir@angelfire.com,Female,145.240.160.94
677,Pierette,Davidavidovics,pdavidavidovicsis@craigslist.org,Female,77.83.230.169
678,Hugibert,Boseley,hboseleyit@goo.ne.jp,Male,182.13.165.61
679,Ninnetta,Sherreard,nsherreardiu@mlb.com,Female,231.71.172.21
680,Brittany,Barbisch,bbarbischiv@blogger.com,Female,19.134.103.87
681,Daisi,Phillot,dphillotiw@aol.com,Female,70.94.112.145
682,Mandel,Deekes,mdeekesix@wikia.com,Male,148.184.77.241
683,Zenia,Matyja,zmatyjaiy@qq.com,Female,185.139.33.166
684,Herb,Sweetland,hsweetlandiz@cyberchimps.com,Male,59.26.3.26
685,Celka,Skahill,cskahillj0@smugmug.com,Female,36.221.188.2
686,Kimberley,Foux,kfouxj1@economist.com,Female,195.154.18.172
687,Leslie,Clausewitz,lclausewitzj2@state.gov,Male,155.237.255.160
688,Carlie,Maddra,cmaddraj3@addtoany.com,Genderqueer,218.171.10.50
689,Logan,Tetley,ltetleyj4@drupal.org,Male,47.58.204.230
690,Angelico,Kinnane,akinnanej5@state.tx.us,Male,5.86.199.5
691,Casar,Riggey,criggeyj6@liveinternet.ru,Male,197.73.71.178
692,Jonis,Letrange,jletrangej7@reuters.com,Female,45.21.8.24
693,Reynolds,Van Merwe,rvanmerwej8@ifeng.com,Male,103.198.39.65
694,Dore,Boram,dboramj9@yahoo.com,Female,186.76.0.137
695,Ethelda,Cabrara,ecabraraja@noaa.gov,Female,177.11.29.243
696,Truman,Staddom,tstaddomjb@shinystat.com,Polygender,171.19.106.237
697,Valdemar,Stilgo,vstilgojc@altervista.org,Male,254.94.198.104
698,Oberon,Lenton,olentonjd@nba.com,Male,184.184.80.58
699,Lauryn,Leatherborrow,lleatherborrowje@blogs.com,Female,11.184.193.55
700,Donaugh,Thaim,dthaimjf@prweb.com,Male,78.203.242.124
701,Regine,Smeeth,rsmeethjg@marriott.com,Female,103.73.197.146
702,Rolph,Kitchingham,rkitchinghamjh@hhs.gov,Male,126.151.13.56
703,Mabelle,Muldowney,mmuldowneyji@jalbum.net,Female,45.107.193.185
704,Michal,Kimbury,mkimburyjj@msn.com,Female,50.97.75.95
705,Vidovic,Tomney,vtomneyjk@engadget.com,Male,200.153.11.98
706,Farrell,Felderer,ffeldererjl@miibeian.gov.cn,Male,32.10.228.149
707,Elise,Whitloe,ewhitloejm@bravesites.com,Female,60.17.207.184
708,Alexi,Waliszek,awaliszekjn@nsw.gov.au,Female,216.124.160.158
709,Betteanne,Gopsall,bgopsalljo@shinystat.com,Genderfluid,213.254.151.235
710,Goddart,Marconi,gmarconijp@i2i.jp,Male,173.15.193.56
711,Selestina,Semiras,ssemirasjq@slate.com,Female,8.127.69.68
712,Jard,Scuse,jscusejr@uiuc.edu,Male,184.78.178.139
713,Butch,Prescott,bprescottjs@craigslist.org,Male,213.215.40.239
714,Idette,Wermerling,iwermerlingjt@ebay.com,Female,166.242.74.228
715,Tedda,Housegoe,thousegoeju@vistaprint.com,Female,140.176.29.201
716,Palmer,Coytes,pcoytesjv@google.com,Male,45.4.168.255
717,Webster,Severns,wsevernsjw@goodreads.com,Male,231.3.224.240
718,Conrad,Emms,cemmsjx@nhs.uk,Male,191.142.231.185
719,Stacee,Cheek,scheekjy@amazon.de,Female,123.139.99.243
720,Basile,Whaley,bwhaleyjz@smugmug.com,Male,146.16.169.140
721,Herold,Frossell,hfrossellk0@chronoengine.com,Male,115.23.48.238
722,Ashley,Pendlebery,apendleberyk1@vimeo.com,Male,128.187.17.14
723,Wynn,Koche,wkochek2@joomla.org,Male,49.173.97.15
724,Lorne,Noddles,lnoddlesk3@sina.com.cn,Male,36.240.125.106
725,Blanche,Szymaniak,bszymaniakk4@chron.com,Female,95.238.158.98
726,Una,Caulton,ucaultonk5@prweb.com,Non-binary,100.80.190.147
727,Serene,Culpen,sculpenk6@intel.com,Female,161.58.11.141
728,Wilma,Whyman,wwhymank7@wikispaces.com,Female,167.156.237.177
729,Mordy,Sendall,msendallk8@sogou.com,Male,66.231.86.96
730,Jule,Orviss,jorvissk9@wiley.com,Male,145.44.169.70
731,Obadiah,Bleesing,obleesingka@fema.gov,Male,73.171.128.22
732,Nolly,Shank,nshankkb@auda.org.au,Male,203.167.217.117
733,Stuart,Zohrer,szohrerkc@etsy.com,Male,85.117.57.140
734,Janka,Tuft,jtuftkd@go.com,Female,173.179.125.227
735,Monte,O'Corrin,mocorrinke@netlog.com,Male,148.89.107.96
736,Isidor,Scrannage,iscrannagekf@gov.uk,Male,164.174.188.51
737,Melina,Olliffe,molliffekg@is.gd,Female,160.16.193.253
738,Darryl,Fruchon,dfruchonkh@weather.com,Male,179.1.101.105
739,Kiele,Schinetti,kschinettiki@yahoo.co.jp,Female,244.29.115.99
740,Ange,Dobsons,adobsonskj@ucla.edu,Female,42.89.219.12
741,Myles,Boothebie,mboothebiekk@tamu.edu,Male,70.229.3.15
742,Rem,McMaster,rmcmasterkl@imgur.com,Male,72.216.8.4
743,Tomaso,Lum,tlumkm@weebly.com,Male,143.191.246.20
744,Nolan,Hearnshaw,nhearnshawkn@mapy.cz,Bigender,144.140.109.142
745,Ellene,Rosenstiel,erosenstielko@europa.eu,Female,87.252.173.195
746,Delilah,Beach,dbeachkp@hexun.com,Female,213.65.185.13
747,Hunt,Harsum,hharsumkq@1und1.de,Male,133.128.235.66
748,Tommie,Strood,tstroodkr@ucoz.com,Male,198.254.168.48
749,Mallory,Trousdale,mtrousdaleks@vkontakte.ru,Male,134.216.168.219
750,Earvin,Healey,ehealeykt@gravatar.com,Male,113.179.68.166
751,Livvie,Bryson,lbrysonku@live.com,Female,73.231.4.124
752,Isabella,Olley,iolleykv@phoca.cz,Female,247.153.69.241
753,Alwyn,Happel,ahappelkw@joomla.org,Male,166.215.23.100
754,Tybi,Wyley,twyleykx@artisteer.com,Female,51.25.77.135
755,Lorie,Bennitt,lbennittky@squidoo.com,Female,63.82.237.26
756,Kylila,Littrick,klittrickkz@comsenz.com,Female,27.16.72.42
757,Christi,Negri,cnegril0@cnn.com,Female,233.22.184.189
758,Deana,Bellam,dbellaml1@geocities.com,Female,240.202.169.146
759,Helaina,Oakwood,hoakwoodl2@xrea.com,Female,181.150.51.92
760,Cesare,Lennie,clenniel3@dell.com,Male,55.198.207.61
761,Keven,Espinas,kespinasl4@behance.net,Male,165.241.88.112
762,Emmey,Bolgar,ebolgarl5@pinterest.com,Female,136.216.242.26
763,Joey,Cassey,jcasseyl6@unc.edu,Male,97.7.65.208
764,Son,Langridge,slangridgel7@baidu.com,Male,145.15.54.29
765,Sydney,Tothacot,stothacotl8@seattletimes.com,Female,242.96.170.6
766,Garvey,Koppel,gkoppell9@archive.org,Male,70.205.66.211
767,Kaia,McGennis,kmcgennisla@usa.gov,Female,33.14.110.211
768,Raffaello,Larner,rlarnerlb@1und1.de,Male,125.141.222.5
769,Holly,Deboo,hdeboolc@sina.com.cn,Male,206.209.218.40
770,Trev,Walsh,twalshld@jugem.jp,Bigender,254.121.125.71
771,Chelsea,Landis,clandisle@soup.io,Female,31.134.86.2
772,Roscoe,Tisor,rtisorlf@google.com.br,Male,47.247.242.141
773,Anatol,Liddy,aliddylg@adobe.com,Male,218.182.24.96
774,Leonerd,Bickerton,lbickertonlh@moonfruit.com,Male,78.8.132.70
775,Rene,O'Hannen,rohannenli@istockphoto.com,Female,107.174.104.109
776,Quintilla,Barltrop,qbarltroplj@tripadvisor.com,Female,200.170.219.216
777,Mattheus,Gaine,mgainelk@umn.edu,Male,106.127.82.55
778,Kermy,Hurll,khurllll@flavors.me,Male,178.177.171.243
779,Stillmann,Siburn,ssiburnlm@indiatimes.com,Male,16.207.158.25
780,Edward,Astbury,eastburyln@paypal.com,Male,195.151.38.232
781,Bear,Dikles,bdikleslo@altervista.org,Male,66.31.41.21
782,Genna,Kennelly,gkennellylp@bbb.org,Female,150.176.37.197
783,Patsy,Pawelke,ppawelkelq@arizona.edu,Male,185.112.244.70
784,Chrisse,Kabisch,ckabischlr@about.me,Male,104.122.87.236
785,Yasmin,Crady,ycradyls@businessweek.com,Female,112.180.10.21
786,Ardis,Allder,aallderlt@disqus.com,Female,174.1.255.183
787,Hally,Coggen,hcoggenlu@cnet.com,Female,246.121.195.4
788,Alis,Chatto,achattolv@mozilla.com,Female,185.150.208.191
789,Forester,Kingerby,fkingerbylw@blogger.com,Male,187.119.248.134
790,Angie,Knutsen,aknutsenlx@free.fr,Female,148.203.5.208
791,Montague,Tenny,mtennyly@harvard.edu,Male,219.50.0.207
792,Kile,Coundley,kcoundleylz@hibu.com,Male,47.137.0.78
793,Chelsea,Mathely,cmathelym0@jigsy.com,Female,239.165.39.35
794,Willow,Tregunnah,wtregunnahm1@nih.gov,Female,92.228.242.22
795,Farra,Featherstonhaugh,ffeatherstonhaughm2@cmu.edu,Female,216.243.255.162
796,Gualterio,Pendleton,gpendletonm3@wunderground.com,Male,227.95.199.52
797,Abeu,Dobing,adobingm4@imgur.com,Male,63.186.142.44
798,Joe,Chaffe,jchaffem5@ihg.com,Male,41.132.37.193
799,Guido,Koomar,gkoomarm6@goo.ne.jp,Male,201.167.128.65
800,Salim,Swindin,sswindinm7@oaic.gov.au,Male,246.96.153.224
801,Perceval,Meagh,pmeaghm8@icio.us,Male,251.1.3.51
802,Madelaine,Tripney,mtripneym9@reverbnation.com,Female,205.24.20.16
803,Caryl,Broke,cbrokema@samsung.com,Male,34.255.1.87
804,Percival,Wybourne,pwybournemb@simplemachines.org,Agender,75.138.182.190
805,Nickolaus,Cashin,ncashinmc@huffingtonpost.com,Male,30.207.175.163
806,Chelsea,Birds,cbirdsmd@abc.net.au,Female,162.150.59.173
807,Israel,McAsgill,imcasgillme@mediafire.com,Non-binary,88.67.54.49
808,Meredeth,Salvatore,msalvatoremf@google.cn,Male,235.78.185.24
809,Barr,Matys,bmatysmg@ask.com,Male,140.207.186.242
810,Fritz,McWilliams,fmcwilliamsmh@slate.com,Male,251.12.216.119
811,Shelby,Dodswell,sdodswellmi@tuttocitta.it,Male,223.158.233.103
812,Chelsy,Varnals,cvarnalsmj@t.co,Female,54.167.6.170
813,Oswell,Casino,ocasinomk@mapquest.com,Male,106.5.180.37
814,Ivette,Skupinski,iskupinskiml@google.ru,Female,77.59.101.75
815,Vinnie,Foulser,vfoulsermm@amazon.co.jp,Male,102.127.208.117
816,Sylvan,Riatt,sriattmn@google.com.au,Male,233.147.231.241
817,Adolphe,Isakovic,aisakovicmo@odnoklassniki.ru,Non-binary,173.48.251.56
818,Dorice,Greenside,dgreensidemp@feedburner.com,Female,249.236.125.167
819,Maye,Havoc,mhavocmq@nps.gov,Female,136.199.210.132
820,Melany,Ducker,mduckermr@wordpress.org,Female,175.199.192.21
821,Jamil,Oxberry,joxberryms@stanford.edu,Male,50.163.160.7
822,Rube,Glenny,rglennymt@eventbrite.com,Male,185.198.173.129
823,Taber,Blore,tbloremu@oracle.com,Male,255.221.70.146
824,Wait,Wofenden,wwofendenmv@bing.com,Male,155.123.101.120
825,Abbye,Fluger,aflugermw@alibaba.com,Female,161.157.24.89
826,Ruperta,Vail,rvailmx@bluehost.com,Female,147.160.92.15
827,Emyle,Naisbit,enaisbitmy@amazon.de,Female,80.45.155.188
828,Morissa,Ivie,miviemz@tinypic.com,Female,172.6.20.204
829,Sybyl,Lashmar,slashmarn0@ucsd.edu,Female,93.220.38.79
830,Rahal,Phelit,rphelitn1@bing.com,Female,69.37.223.205
831,Andreana,Howden,ahowdenn2@qq.com,Genderqueer,35.163.145.166
832,Pebrook,Danet,pdanetn3@apache.org,Male,196.36.81.200
833,Sinclair,Dessaur,sdessaurn4@sbwire.com,Male,193.217.25.58
834,Jerry,Cheston,jchestonn5@youtube.com,Female,220.237.82.253
835,Dory,Birdall,dbirdalln6@gnu.org,Male,42.245.223.186
836,Cristie,O'Curran,cocurrann7@yahoo.co.jp,Female,137.2.1.120
837,Billi,Turone,bturonen8@reuters.com,Female,171.104.158.96
838,Yetta,Cartmael,ycartmaeln9@irs.gov,Female,119.22.113.198
839,Lavina,Aindrais,laindraisna@state.gov,Female,182.39.247.111
840,Dorie,Cobden,dcobdennb@aboutads.info,Female,197.118.126.214
841,Leroy,Goodbairn,lgoodbairnnc@engadget.com,Male,185.213.6.234
842,Marcello,Leathwood,mleathwoodnd@boston.com,Male,151.192.187.157
843,Una,Spellworth,uspellworthne@livejournal.com,Female,117.78.178.169
844,Kendal,Lissandrini,klissandrininf@state.tx.us,Male,142.20.7.127
845,Thor,Kelwick,tkelwickng@multiply.com,Male,236.61.41.29
846,Aila,Sargerson,asargersonnh@earthlink.net,Female,110.219.250.156
847,Giorgio,McCarthy,gmccarthyni@github.io,Male,55.56.127.226
848,Annelise,Jerisch,ajerischnj@shinystat.com,Female,135.19.109.122
849,Binnie,Haydn,bhaydnnk@slashdot.org,Female,38.210.162.233
850,Jeana,Chese,jchesenl@freewebs.com,Female,78.159.102.178
851,Kati,Goldstone,kgoldstonenm@independent.co.uk,Genderfluid,169.25.51.170
852,Alfie,Judd,ajuddnn@yahoo.co.jp,Male,200.200.175.65
853,Shep,Spong,sspongno@blogger.com,Male,214.134.114.150
854,Pattin,Harteley,pharteleynp@constantcontact.com,Polygender,47.25.140.191
855,Richie,Furniss,rfurnissnq@house.gov,Male,0.20.166.224
856,Gianina,Emms,gemmsnr@quantcast.com,Female,42.64.255.138
857,Elie,Burnel,eburnelns@boston.com,Female,214.92.96.92
858,Thacher,Glasson,tglassonnt@biblegateway.com,Male,41.16.100.248
859,Maynard,Spellesy,mspellesynu@cdbaby.com,Male,97.222.61.177
860,Boigie,Nickols,bnickolsnv@msn.com,Male,153.129.73.239
861,Trude,Purslow,tpurslownw@wiley.com,Female,222.71.14.208
862,Enid,Ruslinge,eruslingenx@php.net,Female,150.46.33.242
863,Feodor,Wride,fwrideny@sfgate.com,Male,223.235.110.113
864,Tasia,Smeeton,tsmeetonnz@photobucket.com,Female,149.97.152.31
865,Mildrid,McQuin,mmcquino0@wordpress.org,Female,174.243.175.141
866,Cassey,Giorgioni,cgiorgionio1@wikispaces.com,Polygender,42.57.23.255
867,Roanne,Todaro,rtodaroo2@tinypic.com,Female,49.205.252.88
868,Evania,Lockitt,elockitto3@java.com,Female,252.230.242.229
869,Luis,Rogez,lrogezo4@telegraph.co.uk,Male,2.68.48.1
870,Hugues,Jones,hjoneso5@fda.gov,Male,193.10.74.245
871,Constantine,Asif,casifo6@is.gd,Female,67.141.160.7
872,Ada,Livett,alivetto7@independent.co.uk,Female,96.199.186.52
873,Titus,Tarquini,ttarquinio8@xrea.com,Male,37.242.238.76
874,Domenico,Tripe,dtripeo9@imgur.com,Male,117.38.91.38
875,Fremont,Gaiford,fgaifordoa@accuweather.com,Male,125.252.92.57
876,Irina,Fri,ifriob@acquirethisname.com,Female,186.112.60.160
877,Padraig,Gauntley,pgauntleyoc@shareasale.com,Male,244.38.51.229
878,Chaddie,Clinch,cclinchod@ucoz.com,Male,196.2.195.239
879,Georgette,Bannerman,gbannermanoe@nymag.com,Female,155.192.19.223
880,Stace,Hayers,shayersof@netvibes.com,Female,178.235.31.223
881,Jasper,Golston,jgolstonog@newyorker.com,Male,23.93.59.13
882,Lay,Pele,lpeleoh@cdc.gov,Male,50.202.84.163
883,Ivy,Cod,icodoi@bbb.org,Female,98.186.205.111
884,Yancy,Drinkall,ydrinkalloj@va.gov,Male,194.158.230.250
885,Adel,Popworth,apopworthok@dailymail.co.uk,Female,197.27.82.157
886,Katey,Elsmere,kelsmereol@sfgate.com,Female,63.63.80.141
887,Gannie,Trett,gtrettom@ibm.com,Male,216.218.241.32
888,Gerda,Dugmore,gdugmoreon@google.com.br,Female,108.22.244.44
889,Kaitlynn,Knok,kknokoo@free.fr,Female,178.145.120.84
890,Dedie,Arson,darsonop@meetup.com,Agender,55.229.9.46
891,Alayne,Bernardez,abernardezoq@mlb.com,Female,1.56.209.79
892,Sibylle,Di Napoli,sdinapolior@cpanel.net,Female,61.45.26.63
893,Stanley,Burdell,sburdellos@umn.edu,Male,252.63.139.196
894,Gris,Josse,gjosseot@jalbum.net,Genderfluid,54.197.134.158
895,Mischa,Capun,mcapunou@pcworld.com,Male,95.56.104.59
896,Roma,Phythien,rphythienov@ucla.edu,Male,187.98.248.217
897,Ram,Fallowfield,rfallowfieldow@sakura.ne.jp,Male,233.46.123.23
898,Gasparo,Iacovazzi,giacovazziox@ft.com,Male,143.7.104.232
899,Emelyne,Bram,ebramoy@si.edu,Female,104.170.192.5
900,Lorens,Skivington,lskivingtonoz@army.mil,Male,180.115.128.78
901,Othelia,Gallichan,ogallichanp0@ustream.tv,Female,191.179.57.217
902,Rriocard,Pentelo,rpentelop1@list-manage.com,Male,188.226.173.178
903,Payton,Bannister,pbannisterp2@miibeian.gov.cn,Male,127.64.79.220
904,Dane,Skurray,dskurrayp3@yale.edu,Male,88.210.58.247
905,Abram,McJury,amcjuryp4@wufoo.com,Male,189.207.114.117
906,Regan,Cotter,rcotterp5@nih.gov,Male,159.79.118.217
907,Jayme,Doy,jdoyp6@narod.ru,Female,95.151.151.207
908,Malachi,Tainton,mtaintonp7@cyberchimps.com,Male,18.108.140.50
909,Cleon,Kinkade,ckinkadep8@aboutads.info,Male,109.39.187.94
910,Clayborn,Asman,casmanp9@moonfruit.com,Male,198.144.116.135
911,Berne,Riddoch,briddochpa@house.gov,Male,208.73.128.131
912,Kathrine,Stanlick,kstanlickpb@eepurl.com,Female,88.149.111.10
913,Had,Matschuk,hmatschukpc@rakuten.co.jp,Male,160.224.179.252
914,Kaitlin,Dietzler,kdietzlerpd@netscape.com,Female,232.206.193.101
915,Matthew,Spencook,mspencookpe@furl.net,Male,5.67.52.67
916,Efrem,Lumly,elumlypf@timesonline.co.uk,Male,250.72.70.75
917,Wilone,Rottger,wrottgerpg@tinypic.com,Female,184.22.181.95
918,Theodore,McKerlie,tmckerlieph@craigslist.org,Male,12.150.150.180
919,Nanon,Jefferies,njefferiespi@seesaa.net,Female,59.192.61.148
920,Gilli,Worlidge,gworlidgepj@wiley.com,Female,57.149.78.119
921,Ade,Eastabrook,aeastabrookpk@amazonaws.com,Male,17.8.20.213
922,Marnie,Stemson,mstemsonpl@pagesperso-orange.fr,Female,141.121.93.72
923,Melly,Manser,mmanserpm@yahoo.co.jp,Non-binary,203.225.147.100
924,Allx,Prandi,aprandipn@fastcompany.com,Female,148.251.64.78
925,Elisabeth,Foord,efoordpo@ocn.ne.jp,Female,138.37.184.35
926,Kylie,Townsend,ktownsendpp@about.com,Non-binary,175.70.163.114
927,Dasi,Tuppeny,dtuppenypq@google.com,Female,195.26.21.90
928,Terrence,Messenbird,tmessenbirdpr@epa.gov,Male,234.21.159.163
929,Roman,Bradley,rbradleyps@instagram.com,Male,237.136.249.85
930,Fee,Inker,finkerpt@sciencedirect.com,Male,9.123.33.235
931,Gerri,Broderick,gbroderickpu@indiegogo.com,Female,191.133.16.237
932,Way,Tribe,wtribepv@cdbaby.com,Male,162.203.24.41
933,Avictor,Beininck,abeininckpw@ted.com,Male,136.60.201.151
934,Lenka,Creddon,lcreddonpx@bravesites.com,Female,231.239.121.11
935,Leoine,Hartright,lhartrightpy@toplist.cz,Female,210.122.163.98
936,Reece,Reece,rreecepz@webeden.co.uk,Male,176.201.118.67
937,Katha,Valeri,kvaleriq0@webeden.co.uk,Female,88.50.101.104
938,Kitty,Isenor,kisenorq1@auda.org.au,Female,18.12.46.229
939,Krystal,Hallatt,khallattq2@rediff.com,Female,43.224.103.33
940,Courtnay,Padbery,cpadberyq3@abc.net.au,Female,79.173.155.226
941,Jenna,Cossam,jcossamq4@paginegialle.it,Genderfluid,6.155.50.29
942,Barri,McEwan,bmcewanq5@vinaora.com,Male,121.224.244.185
943,Matias,Koeppe,mkoeppeq6@twitter.com,Male,104.245.22.205
944,Nelie,Angric,nangricq7@ocn.ne.jp,Female,58.95.84.218
945,Hermina,Giacovelli,hgiacovelliq8@twitter.com,Female,93.29.183.198
946,Addison,Pykett,apykettq9@businessweek.com,Non-binary,87.32.241.151
947,Hodge,Wannes,hwannesqa@engadget.com,Male,45.226.191.226
948,Andromache,Pepperill,apepperillqb@liveinternet.ru,Female,68.202.86.150
949,Angele,Northill,anorthillqc@nytimes.com,Female,34.245.31.42
950,Gerta,Tales,gtalesqd@chronoengine.com,Female,15.240.240.87
951,Fern,Rathborne,frathborneqe@ebay.co.uk,Female,94.41.10.82
952,Carolina,Kohen,ckohenqf@dailymotion.com,Female,169.176.240.245
953,Beret,Worpole,bworpoleqg@domainmarket.com,Female,227.111.70.56
954,Theodosia,Turville,tturvilleqh@infoseek.co.jp,Female,117.220.157.101
955,Nanice,Pozzi,npozziqi@va.gov,Female,143.35.53.43
956,Gwennie,Beiderbeck,gbeiderbeckqj@paginegialle.it,Female,241.175.251.16
957,Giffer,Teather,gteatherqk@seesaa.net,Male,253.107.53.20
958,Kerianne,Hazelgrove,khazelgroveql@ed.gov,Female,193.8.157.130
959,Langsdon,Shewsmith,lshewsmithqm@narod.ru,Male,14.242.18.251
960,Gregory,Foxcroft,gfoxcroftqn@51.la,Male,177.19.11.118
961,Joaquin,Poltun,jpoltunqo@cafepress.com,Male,202.191.13.61
962,Mic,Fearfull,mfearfullqp@technorati.com,Male,91.156.43.7
963,Tammie,Collett,tcollettqq@joomla.org,Polygender,111.33.134.93
964,Emmalynne,Mixter,emixterqr@dot.gov,Female,94.245.230.160
965,Gena,Aery,gaeryqs@taobao.com,Female,72.3.178.2
966,Bernete,Teasdale,bteasdaleqt@twitpic.com,Female,78.68.97.195
967,Jephthah,Baty,jbatyqu@naver.com,Male,149.7.154.161
968,Preston,Derrell,pderrellqv@cornell.edu,Male,122.101.46.73
969,Tomasine,Jeannin,tjeanninqw@independent.co.uk,Female,111.67.172.103
970,Ronald,Dwyer,rdwyerqx@redcross.org,Male,77.127.178.217
971,Iolande,Izsak,iizsakqy@dailymotion.com,Female,85.79.120.49
972,Anderson,Cacacie,acacacieqz@hud.gov,Male,249.121.4.111
973,Katleen,Leonarde,kleonarder0@instagram.com,Female,164.139.149.197
974,Izak,Colwell,icolwellr1@gizmodo.com,Male,227.164.209.117
975,Geraldine,Khan,gkhanr2@ted.com,Female,54.206.56.51
976,Chloris,Jansen,cjansenr3@ocn.ne.jp,Female,231.33.242.154
977,Baxie,Fraine,bfrainer4@theguardian.com,Male,111.40.21.230
978,Davis,Dargie,ddargier5@chicagotribune.com,Male,205.23.232.170
979,Eveline,Katzmann,ekatzmannr6@adobe.com,Female,144.41.1.119
980,Paulo,Sailer,psailerr7@stanford.edu,Male,183.167.149.123
981,Trenna,Grishin,tgrishinr8@springer.com,Female,2.192.76.204
982,Chane,Normanville,cnormanviller9@ft.com,Male,126.131.83.58
983,Holly,Bilsland,hbilslandra@princeton.edu,Male,122.74.174.118
984,Fergus,Amys,famysrb@oakley.com,Male,105.63.174.176
985,Osmond,Hew,ohewrc@reverbnation.com,Male,46.94.138.30
986,Nev,Vanyukov,nvanyukovrd@fda.gov,Male,38.251.232.89
987,Evered,Maskill,emaskillre@constantcontact.com,Male,202.215.89.228
988,Kissee,Yokel,kyokelrf@apache.org,Female,99.247.104.132
989,Renate,Moutray Read,rmoutrayreadrg@cocolog-nifty.com,Female,99.182.79.123
990,Morris,Richardot,mrichardotrh@histats.com,Non-binary,102.145.118.223
991,Bendite,Shepley,bshepleyri@japanpost.jp,Female,8.232.94.8
992,Hoebart,Dearnaley,hdearnaleyrj@npr.org,Male,233.139.182.232
993,Ali,Webster,awebsterrk@mapy.cz,Female,193.199.163.58
994,Leslie,Service,lservicerl@lulu.com,Male,133.150.77.79
995,Weber,Bambrough,wbambroughrm@usnews.com,Male,162.39.211.200
996,Darrell,Iori,diorirn@examiner.com,Male,69.34.76.228
997,Anya,Pancast,apancastro@constantcontact.com,Female,44.164.0.187
998,Maegan,Kitcat,mkitcatrp@icq.com,Female,41.112.162.32
999,Nolan,Hadwick,nhadwickrq@weibo.com,Male,212.251.99.117
1000,Katharine,Cahen,kcahenrr@cnn.com,Female,209.217.206.73
