id,first_name,last_name,email,gender,country,salary
1,Merle,Pinching,mpinching0@drupal.org,Male,Philippines,"€65060,96"
2,Wilmer,Lyffe,wlyffe1@fastcompany.com,Male,Indonesia,"€6061,43"
3,Inger,Bernholt,ibernholt2@latimes.com,Male,United States,"€97744,00"
4,Wolfgang,Casey,wcasey3@ox.ac.uk,Male,Norway,"€7856,87"
5,Ferrell,Mineghelli,fmineghelli4@altervista.org,Male,Sweden,"€52225,97"
6,Perice,Guerrin,pguerrin5@histats.com,Genderqueer,Norway,"€85463,77"
7,Nev,Caldayrou,ncaldayrou6@usgs.gov,Genderfluid,Democratic Republic of the Congo,"€66723,24"
8,Duky,Aronstein,daronstein7@constantcontact.com,Male,Chile,"€50432,97"
9,Anton,Touson,atouson8@mit.edu,Male,Brazil,"€67920,77"
10,Marice,Piatkowski,mpiatkowski9@ustream.tv,Female,Philippines,"€24600,51"
11,Roy,Leere,rleerea@1und1.de,Male,Russia,"€34266,24"
12,Dorey,Balbeck,dbalbeckb@sogou.com,Male,Czech Republic,"€5523,26"
13,Felicia,Klimkov,fklimkovc@sogou.com,Female,New Zealand,"€22626,00"
14,Ruben,Tessier,rtessierd@github.io,Male,Uzbekistan,"€99241,05"
15,Honoria,O'Currine,hocurrinee@etsy.com,Female,Poland,"€4327,27"
16,Ramonda,Menel,rmenelf@cloudflare.com,Female,Russia,"€27932,86"
17,Basilio,Blackly,bblacklyg@e-recht24.de,Male,Indonesia,"€96068,95"
18,Barr,Winchcomb,bwinchcombh@home.pl,Male,Portugal,"€48653,30"
19,Kaleena,McCaughey,kmccaugheyi@sfgate.com,Female,Zimbabwe,"€22350,10"
20,Gayelord,Samworth,gsamworthj@miitbeian.gov.cn,Non-binary,Chile,"€75332,89"
21,Morris,Hesse,mhessek@cbsnews.com,Non-binary,Sweden,"€96619,08"
22,Ulick,Folonin,ufoloninl@wikipedia.org,Male,Peru,"€31703,69"
23,Devora,Manklow,dmanklowm@cargocollective.com,Female,China,"€25760,66"
24,Wayland,Corradino,wcorradinon@oracle.com,Male,United States,"€27709,05"
25,Galvan,Ordemann,gordemanno@japanpost.jp,Male,Czech Republic,"€64351,95"
26,Krista,Wehner,kwehnerp@nytimes.com,Female,Indonesia,"€77741,77"
27,Emmeline,Saxelby,esaxelbyq@clickbank.net,Female,Colombia,"€73264,15"
28,Deni,Walenta,dwalentar@salon.com,Female,Philippines,"€49851,07"
29,Clareta,Abramzon,cabramzons@bloglines.com,Female,China,"€3951,32"
30,Ethelbert,Draco,edracot@weebly.com,Male,Philippines,"€80129,51"
31,Yance,Planks,yplanksu@about.me,Male,Indonesia,"€65746,46"
32,Waverly,Dericot,wdericotv@mapy.cz,Male,China,"€47431,75"
33,Con,Champneys,cchampneysw@cloudflare.com,Male,France,"€50071,98"
34,Ulrika,Egel,uegelx@com.com,Non-binary,China,"€14226,86"
35,Artur,Mc Carroll,amccarrolly@bloglovin.com,Male,Brazil,"€17314,40"
36,Nels,McKeller,nmckellerz@foxnews.com,Male,Philippines,"€63927,32"
37,Queenie,Roads,qroads10@opensource.org,Bigender,Armenia,"€31681,21"
38,Opalina,Towersey,otowersey11@bandcamp.com,Female,Japan,"€67712,80"
39,Corenda,Meddings,cmeddings12@e-recht24.de,Female,American Samoa,"€6213,30"
40,Dale,Toohey,dtoohey13@walmart.com,Female,Colombia,"€18004,79"
41,Gisella,Darmody,gdarmody14@goo.gl,Female,Poland,"€8977,97"
42,Basia,Klagge,bklagge15@nhs.uk,Female,Greece,"€86173,13"
43,Leola,Rama,lrama16@newyorker.com,Female,Indonesia,"€14053,91"
44,Abran,Whellams,awhellams17@addtoany.com,Male,Colombia,"€96106,50"
45,Robinetta,Wyness,rwyness18@freewebs.com,Female,China,"€94593,03"
46,Farr,Doley,fdoley19@opensource.org,Polygender,Argentina,"€98018,96"
47,Ellen,Coronas,ecoronas1a@redcross.org,Non-binary,Sweden,"€40108,68"
48,Opalina,Redihough,oredihough1b@people.com.cn,Female,Russia,"€35965,47"
49,Austin,Wake,awake1c@baidu.com,Female,China,"€48513,70"
50,Clayborn,Meneghelli,cmeneghelli1d@ft.com,Male,Guatemala,"€87218,65"
51,Murry,Shimwell,mshimwell1e@examiner.com,Male,Japan,"€2725,10"
52,Paulie,Novacek,pnovacek1f@timesonline.co.uk,Female,Cameroon,"€43076,95"
53,Michele,Artin,martin1g@behance.net,Female,Indonesia,"€74240,50"
54,Blanche,Chisholm,bchisholm1h@amazon.com,Female,South Africa,"€42480,97"
55,Klemens,Brookton,kbrookton1i@ucsd.edu,Male,Japan,"€57832,63"
56,Mae,Paynter,mpaynter1j@rambler.ru,Female,Colombia,"€68773,97"
57,Merilee,Cabral,mcabral1k@usa.gov,Female,Afghanistan,"€96778,87"
58,Danica,Mishow,dmishow1l@shareasale.com,Female,Brazil,"€18885,69"
59,Yasmin,Dorracott,ydorracott1m@spotify.com,Female,Democratic Republic of the Congo,"€17558,85"
60,Ingrim,Talks,italks1n@about.com,Male,Sweden,"€47268,58"
61,Mia,Skyrm,mskyrm1o@google.com.au,Female,Venezuela,"€33007,91"
62,Sam,Beddie,sbeddie1p@auda.org.au,Male,Afghanistan,"€55883,69"
63,Gardy,Sincock,gsincock1q@quantcast.com,Male,Mexico,"€90614,99"
64,Orsa,Yaxley,oyaxley1r@livejournal.com,Female,Nepal,"€2260,64"
65,North,Mulcaster,nmulcaster1s@thetimes.co.uk,Male,France,"€96166,04"
66,Bing,Thwaites,bthwaites1t@blogs.com,Male,Philippines,"€21528,90"
67,Sayre,Clausen,sclausen1u@squidoo.com,Female,Ukraine,"€10140,83"
68,Marcelo,Falconer-Taylor,mfalconertaylor1v@newyorker.com,Male,Peru,"€10827,08"
69,Paco,Weiner,pweiner1w@hud.gov,Male,China,"€41014,07"
70,Lenci,Charlotte,lcharlotte1x@typepad.com,Male,Laos,"€58120,67"
71,Nancie,Lathan,nlathan1y@jimdo.com,Female,Mauritius,"€27781,56"
72,Jeffy,Kittel,jkittel1z@youtube.com,Male,China,"€4057,78"
73,Poul,Keijser,pkeijser20@fastcompany.com,Male,Uzbekistan,"€79030,91"
74,Joseito,Wathen,jwathen21@woothemes.com,Male,Norway,"€92242,95"
75,Evey,Tillerton,etillerton22@state.gov,Female,Czech Republic,"€20917,79"
76,Costanza,Jerman,cjerman23@slate.com,Non-binary,Cuba,"€75264,95"
77,Milt,Zecchii,mzecchii24@istockphoto.com,Male,China,"€84702,58"
78,Jasmine,Phin,jphin25@lulu.com,Female,Argentina,"€58011,26"
79,Rosamund,Hollyer,rhollyer26@newyorker.com,Female,Argentina,"€15336,96"
80,Worthy,Negus,wnegus27@dot.gov,Male,Portugal,"€68278,43"
81,Meryl,Antwis,mantwis28@intel.com,Agender,Iraq,"€21295,28"
82,Kristal,Shermore,kshermore29@opensource.org,Female,China,"€35510,81"
83,Frannie,Dalinder,fdalinder2a@geocities.jp,Female,Malaysia,"€39612,64"
84,Cosimo,Presnail,cpresnail2b@npr.org,Male,Brazil,"€76997,14"
85,Artie,Seagood,aseagood2c@nationalgeographic.com,Male,Greece,"€49628,25"
86,Yolande,Harwell,yharwell2d@studiopress.com,Agender,France,"€58979,96"
87,Kai,Tebbe,ktebbe2e@elegantthemes.com,Female,Poland,"€75430,07"
88,Fonzie,Valeri,fvaleri2f@mac.com,Male,China,"€40855,59"
89,Alyse,Laugherane,alaugherane2g@xing.com,Female,South Korea,"€86607,39"
90,Tobias,Scambler,tscambler2h@t-online.de,Male,Indonesia,"€13183,09"
91,Dunn,Pirri,dpirri2i@amazonaws.com,Male,South Africa,"€95114,35"
92,Shawn,Leele,sleele2j@livejournal.com,Male,China,"€25419,88"
93,Cissy,Guerre,cguerre2k@java.com,Female,Croatia,"€97389,74"
94,Mariejeanne,Crippes,mcrippes2l@miitbeian.gov.cn,Female,Syria,"€62021,16"
95,Vivianna,Klais,vklais2m@wsj.com,Female,Czech Republic,"€95684,96"
96,Gaby,Hirsthouse,ghirsthouse2n@illinois.edu,Male,Namibia,"€34627,46"
97,Ronda,Adamik,radamik2o@sina.com.cn,Female,South Korea,"€66801,05"
98,Wash,Linnock,wlinnock2p@nba.com,Male,Jamaica,"€3152,07"
99,Hamish,Penritt,hpenritt2q@zdnet.com,Male,Finland,"€32216,36"
100,Calypso,Musto,cmusto2r@tmall.com,Genderfluid,China,"€67969,81"
101,Carleen,Maas,cmaas2s@time.com,Female,Finland,"€59741,67"
102,Valeria,Trembey,vtrembey2t@sbwire.com,Female,Macedonia,"€93414,14"
103,Flem,Bonnick,fbonnick2u@google.co.jp,Male,Poland,"€74296,25"
104,Matty,Jonson,mjonson2v@mayoclinic.com,Male,Japan,"€49389,72"
105,Cassandry,Callander,ccallander2w@51.la,Female,China,"€10074,10"
106,Wayne,Manoelli,wmanoelli2x@netlog.com,Male,Argentina,"€11189,60"
107,Grayce,McGlade,gmcglade2y@hubpages.com,Female,Portugal,"€98364,94"
108,Sloan,Dochon,sdochon2z@ucoz.ru,Male,Germany,"€12324,27"
109,Cory,Cragg,ccragg30@wordpress.com,Polygender,Egypt,"€1867,38"
110,Papageno,Harle,pharle31@163.com,Male,Poland,"€24274,90"
111,Franky,McIlwraith,fmcilwraith32@bluehost.com,Male,China,"€39111,49"
112,Jaclin,Giovannacci,jgiovannacci33@hostgator.com,Female,China,"€43461,59"
113,Celle,Deely,cdeely34@barnesandnoble.com,Female,Czech Republic,"€94462,25"
114,Kermit,Doak,kdoak35@oaic.gov.au,Male,Sweden,"€65970,75"
115,Nessie,Jacquet,njacquet36@mail.ru,Female,United States,"€23196,45"
116,Amerigo,Pates,apates37@simplemachines.org,Male,Mexico,"€96573,82"
117,Annamaria,Neeve,aneeve38@elpais.com,Female,Indonesia,"€91051,27"
118,Leanor,Wibberley,lwibberley39@shinystat.com,Female,Mali,"€99845,73"
119,Caryl,Armatidge,carmatidge3a@sina.com.cn,Male,China,"€40515,32"
120,Ezra,Denholm,edenholm3b@cisco.com,Male,Philippines,"€49284,25"
121,Heidi,McCollum,hmccollum3c@cbslocal.com,Polygender,Canada,"€86387,03"
122,Zitella,Cantrell,zcantrell3d@yahoo.com,Female,Argentina,"€95985,54"
123,Jolie,Crowdace,jcrowdace3e@t.co,Female,China,"€4681,74"
124,Taddeo,Ruffey,truffey3f@hexun.com,Male,China,"€79036,84"
125,Malynda,Gallant,mgallant3g@sfgate.com,Female,Russia,"€12806,17"
126,Florentia,Winborn,fwinborn3h@tmall.com,Female,Portugal,"€24157,40"
127,Tonie,Dreakin,tdreakin3i@delicious.com,Female,Albania,"€46202,33"
128,Algernon,Concklin,aconcklin3j@nasa.gov,Bigender,Thailand,"€8738,84"
129,Sanders,Grievson,sgrievson3k@twitter.com,Male,China,"€74897,86"
130,Garnette,Beininck,gbeininck3l@sphinn.com,Female,Belgium,"€78431,59"
131,Adena,McNelly,amcnelly3m@gizmodo.com,Genderqueer,Greece,"€8157,11"
132,Elliott,Ludmann,eludmann3n@barnesandnoble.com,Male,China,"€43229,99"
133,Moishe,Lease,mlease3o@wp.com,Male,Lebanon,"€44361,02"
134,Trix,Riguard,triguard3p@columbia.edu,Female,United States,"€70594,21"
135,Ximenez,Heinel,xheinel3q@harvard.edu,Male,China,"€52942,40"
136,Nanon,Cuphus,ncuphus3r@hc360.com,Female,Latvia,"€24719,72"
137,Kelci,Jesty,kjesty3s@cafepress.com,Female,Cuba,"€3121,92"
138,Ward,Duggleby,wduggleby3t@reddit.com,Male,China,"€92305,50"
139,Alric,Esom,aesom3u@blinklist.com,Male,Brazil,"€42422,10"
140,Moses,Champion,mchampion3v@facebook.com,Male,Poland,"€94926,91"
141,Lulita,Pinchbeck,lpinchbeck3w@ezinearticles.com,Female,Thailand,"€38707,61"
142,Bren,Armor,barmor3x@sina.com.cn,Male,Japan,"€18165,25"
143,Sonny,Mountjoy,smountjoy3y@oakley.com,Male,China,"€16494,66"
144,Yasmeen,Slack,yslack3z@zimbio.com,Female,Thailand,"€44013,78"
145,Trudey,Cargon,tcargon40@flickr.com,Polygender,China,"€41450,53"
146,Heinrik,Strickler,hstrickler41@blog.com,Male,Brazil,"€69905,90"
147,Therese,Morforth,tmorforth42@theguardian.com,Female,France,"€81340,19"
148,Dimitry,MacQuarrie,dmacquarrie43@marriott.com,Male,Indonesia,"€24071,94"
149,Adeline,Drohan,adrohan44@mail.ru,Female,China,"€50573,97"
150,Flor,Dockwra,fdockwra45@simplemachines.org,Female,Malaysia,"€8544,73"
151,Jocelyn,De Pero,jdepero46@senate.gov,Female,Portugal,"€26397,06"
152,Wilmar,McAnulty,wmcanulty47@blogs.com,Male,Indonesia,"€81105,04"
153,Beulah,Letch,bletch48@typepad.com,Female,Peru,"€82884,71"
154,Christa,Taberer,ctaberer49@mail.ru,Female,Portugal,"€19479,93"
155,Nicki,Kupke,nkupke4a@etsy.com,Female,Guatemala,"€56385,76"
156,Meryl,Hartford,mhartford4b@youku.com,Polygender,Peru,"€77667,33"
157,Barby,Puckring,bpuckring4c@rambler.ru,Female,Indonesia,"€86873,60"
158,Land,Dimitrie,ldimitrie4d@unblog.fr,Male,Russia,"€15425,02"
159,Lennard,Viger,lviger4e@bing.com,Male,France,"€56257,51"
160,Mab,Stathor,mstathor4f@w3.org,Female,Nepal,"€99820,40"
161,Delainey,Eccott,deccott4g@shop-pro.jp,Male,Russia,"€79075,54"
162,Gaspar,Testro,gtestro4h@hibu.com,Male,Iran,"€50679,38"
163,Vladamir,Anselm,vanselm4i@un.org,Genderfluid,China,"€88805,83"
164,Luci,Bompas,lbompas4j@purevolume.com,Female,Brazil,"€85925,34"
165,Huberto,Oggers,hoggers4k@aol.com,Male,Iran,"€48532,89"
166,Kassie,Jurisic,kjurisic4l@sbwire.com,Female,Lesotho,"€539,47"
167,Elsworth,Van Daalen,evandaalen4m@meetup.com,Male,Niger,"€17768,70"
168,Antonio,Suffield,asuffield4n@cnn.com,Genderfluid,Thailand,"€10511,09"
169,Virgilio,Wheaton,vwheaton4o@livejournal.com,Male,Indonesia,"€22533,73"
170,Jacob,De Hailes,jdehailes4p@yellowpages.com,Male,Honduras,"€82345,62"
171,Joan,Milesop,jmilesop4q@reuters.com,Female,China,"€62147,13"
172,Valentin,McVicker,vmcvicker4r@wordpress.org,Polygender,Russia,"€71641,13"
173,Marje,Dabner,mdabner4s@paypal.com,Female,Vietnam,"€75695,13"
174,Freddie,Conibere,fconibere4t@booking.com,Male,Peru,"€92034,82"
175,Isabelle,Kennedy,ikennedy4u@google.pl,Female,Hungary,"€88760,96"
176,Ulysses,McArdell,umcardell4v@ezinearticles.com,Male,China,"€17024,52"
177,Katleen,Beedon,kbeedon4w@washington.edu,Female,Botswana,"€41929,61"
178,Dalila,Gillespey,dgillespey4x@istockphoto.com,Female,China,"€92070,29"
179,Vinnie,Fannin,vfannin4y@yelp.com,Female,China,"€6114,62"
180,Ezri,Andrys,eandrys4z@mlb.com,Male,Ireland,"€35702,68"
181,Murry,Loidl,mloidl50@live.com,Genderfluid,Greece,"€12058,25"
182,Marcellina,Mossdale,mmossdale51@example.com,Female,Philippines,"€55122,92"
183,Gae,Haveline,ghaveline52@vk.com,Agender,South Korea,"€78637,36"
184,Myrvyn,Omand,momand53@youtube.com,Male,Sweden,"€68953,59"
185,Isabeau,Coxen,icoxen54@i2i.jp,Female,Albania,"€15350,36"
186,Davin,Feathersby,dfeathersby55@goo.ne.jp,Male,Indonesia,"€11085,54"
187,Jarrett,Orton,jorton56@altervista.org,Male,Philippines,"€13402,30"
188,Ezequiel,Stanley,estanley57@addtoany.com,Male,China,"€43385,50"
189,Gib,Cervantes,gcervantes58@statcounter.com,Male,Philippines,"€24401,88"
190,Brett,Silwood,bsilwood59@joomla.org,Female,Indonesia,"€57358,31"
191,Gus,Holyard,gholyard5a@state.gov,Male,Russia,"€83101,96"
192,Sayres,Faulkes,sfaulkes5b@spotify.com,Male,Mali,"€11442,32"
193,Jared,Roswarn,jroswarn5c@prlog.org,Male,United States,"€16199,52"
194,Ennis,Ginnane,eginnane5d@huffingtonpost.com,Male,Poland,"€2849,01"
195,Ewen,Speeks,espeeks5e@smugmug.com,Male,Indonesia,"€93175,00"
196,Doro,Lamplugh,dlamplugh5f@wp.com,Female,Bulgaria,"€9169,73"
197,Willy,Stoneman,wstoneman5g@t.co,Bigender,Indonesia,"€43048,20"
198,Emmey,Devoy,edevoy5h@dion.ne.jp,Female,France,"€56935,84"
199,Aldis,Dashkov,adashkov5i@fc2.com,Male,China,"€28698,01"
200,Ulises,Cossell,ucossell5j@nih.gov,Male,Mexico,"€36420,48"
201,Yorker,Sherman,ysherman5k@sitemeter.com,Male,Russia,"€58553,03"
202,Patrice,Blackadder,pblackadder5l@deviantart.com,Female,Brazil,"€93901,86"
203,Codie,Burnsyde,cburnsyde5m@mashable.com,Female,Brazil,"€49351,67"
204,Harland,Castro,hcastro5n@ebay.com,Male,Monaco,"€37810,68"
205,Luther,Allnatt,lallnatt5o@sitemeter.com,Male,Russia,"€56794,41"
206,Evan,Varga,evarga5p@umich.edu,Male,United States,"€37873,32"
207,Natasha,Pulfer,npulfer5q@trellian.com,Female,Bosnia and Herzegovina,"€73687,52"
208,Keelby,Cochet,kcochet5r@artisteer.com,Genderqueer,Indonesia,"€24730,17"
209,Bellanca,Handman,bhandman5s@w3.org,Female,China,"€79679,17"
210,Murry,Wisby,mwisby5t@senate.gov,Male,Japan,"€31937,93"
211,Trever,Hegges,thegges5u@w3.org,Male,Dominican Republic,"€68886,54"
212,Hynda,Siggs,hsiggs5v@youtu.be,Female,Honduras,"€28135,70"
213,Engracia,Shill,eshill5w@mozilla.com,Genderfluid,Russia,"€68345,46"
214,Perkin,Richardsson,prichardsson5x@friendfeed.com,Male,Philippines,"€12228,49"
215,Sada,Bakhrushin,sbakhrushin5y@wikispaces.com,Female,China,"€54858,76"
216,Cybil,Mingey,cmingey5z@discovery.com,Female,Portugal,"€74638,02"
217,Margaret,Landsbury,mlandsbury60@so-net.ne.jp,Female,Venezuela,"€51984,01"
218,Jeannette,Byres,jbyres61@youku.com,Female,China,"€42133,73"
219,Leonelle,Binding,lbinding62@usnews.com,Female,Czech Republic,"€63748,83"
220,Hamel,Dykes,hdykes63@umich.edu,Male,Poland,"€48343,80"
221,Nannette,Sawart,nsawart64@nyu.edu,Female,Philippines,"€59538,14"
222,Gianina,Hallwood,ghallwood65@exblog.jp,Female,South Africa,"€10741,46"
223,Shelly,Maker,smaker66@netscape.com,Female,Colombia,"€90736,04"
224,Malcolm,Rawes,mrawes67@wsj.com,Male,China,"€34260,48"
225,Cosetta,Roggerone,croggerone68@edublogs.org,Female,Bulgaria,"€80701,65"
226,Margalo,Ennever,mennever69@free.fr,Female,Cuba,"€87063,57"
227,Shirlene,Counter,scounter6a@discovery.com,Female,Egypt,"€92924,29"
228,Casie,Scouse,cscouse6b@chronoengine.com,Female,Belarus,"€74370,05"
229,Prissie,Getsham,pgetsham6c@washington.edu,Female,China,"€42139,96"
230,Natividad,Schankelborg,nschankelborg6d@cdbaby.com,Female,China,"€70371,26"
231,Teddie,Hallahan,thallahan6e@ustream.tv,Male,Bolivia,"€49210,62"
232,Carroll,Braund,cbraund6f@princeton.edu,Male,China,"€17809,91"
233,Buddie,Crosen,bcrosen6g@dion.ne.jp,Male,China,"€16463,17"
234,Jeramey,McSharry,jmcsharry6h@pen.io,Male,Brazil,"€66315,88"
235,Rey,Radloff,rradloff6i@ameblo.jp,Male,China,"€76514,35"
236,Joelynn,Rivelin,jrivelin6j@flickr.com,Agender,Mexico,"€55004,71"
237,Guillema,Hurburt,ghurburt6k@java.com,Female,China,"€94640,02"
238,Janos,Shillitto,jshillitto6l@bing.com,Male,China,"€14042,25"
239,Pauline,Harley,pharley6m@oakley.com,Female,Albania,"€85631,07"
240,Mac,Feehan,mfeehan6n@tiny.cc,Male,Indonesia,"€29616,85"
241,Sindee,McLarens,smclarens6o@google.nl,Bigender,Sweden,"€48752,41"
242,Carny,Offord,cofford6p@marketwatch.com,Male,Malta,"€44968,24"
243,Glen,Witz,gwitz6q@archive.org,Male,Botswana,"€92268,59"
244,Korella,Balderstone,kbalderstone6r@plala.or.jp,Female,Sao Tome and Principe,"€12901,97"
245,Rosamond,Hendricks,rhendricks6s@instagram.com,Female,Portugal,"€89089,77"
246,Myron,Hauxley,mhauxley6t@storify.com,Male,Morocco,"€77903,15"
247,Jae,Tether,jtether6u@huffingtonpost.com,Male,France,"€87463,97"
248,Bobbye,Berka,bberka6v@opensource.org,Female,Russia,"€68347,11"
249,Florina,Thistleton,fthistleton6w@meetup.com,Female,Colombia,"€90098,23"
250,Dana,Renault,drenault6x@google.co.uk,Male,China,"€40795,29"
251,Carley,Popping,cpopping6y@flickr.com,Female,Greece,"€63182,81"
252,Gradeigh,Megson,gmegson6z@netlog.com,Male,Poland,"€33884,06"
253,Kliment,Willden,kwillden70@gmpg.org,Male,Poland,"€71664,64"
254,Percy,Klauer,pklauer71@drupal.org,Male,Czech Republic,"€70335,34"
255,Reeba,Emloch,remloch72@goo.gl,Female,China,"€36642,60"
256,Mayne,Jacobsen,mjacobsen73@google.ru,Male,China,"€36472,10"
257,Lark,Barltrop,lbarltrop74@sciencedirect.com,Genderfluid,Syria,"€54863,23"
258,Prissie,MacGillicuddy,pmacgillicuddy75@vinaora.com,Female,Russia,"€47734,11"
259,Cilka,Payle,cpayle76@usda.gov,Female,Estonia,"€73904,21"
260,Skell,Drissell,sdrissell77@newyorker.com,Male,Greece,"€65785,24"
261,Pauly,Priestman,ppriestman78@microsoft.com,Female,Brazil,"€85763,36"
262,Hardy,Blest,hblest79@mayoclinic.com,Male,Lithuania,"€92733,97"
263,Randolph,Grubb,rgrubb7a@washingtonpost.com,Male,Brazil,"€10801,10"
264,Noe,Coffin,ncoffin7b@vinaora.com,Male,Sweden,"€63705,57"
265,Buiron,Braund,bbraund7c@china.com.cn,Male,Mozambique,"€99384,72"
266,Rufe,Eglese,reglese7d@google.ca,Male,China,"€37371,98"
267,Bentley,Mowatt,bmowatt7e@forbes.com,Male,Indonesia,"€28545,39"
268,Dulcinea,Tompkinson,dtompkinson7f@etsy.com,Female,Burkina Faso,"€9251,57"
269,Rooney,Trulock,rtrulock7g@patch.com,Male,Japan,"€30376,56"
270,Iorgo,Berriman,iberriman7h@webnode.com,Male,China,"€72916,56"
271,Pippy,Liddy,pliddy7i@hao123.com,Genderfluid,Iran,"€40986,79"
272,Xever,Orth,xorth7j@psu.edu,Male,Brazil,"€45456,03"
273,Austen,Kivlin,akivlin7k@dell.com,Male,Tunisia,"€52257,39"
274,Mirabelle,Sepey,msepey7l@moonfruit.com,Female,Philippines,"€21696,39"
275,Patti,Mathers,pmathers7m@youtube.com,Female,Poland,"€41314,05"
276,Floria,Josefson,fjosefson7n@w3.org,Female,Indonesia,"€15987,99"
277,Ogden,Orniz,oorniz7o@howstuffworks.com,Male,Philippines,"€18822,35"
278,Rafaellle,Cottey,rcottey7p@reddit.com,Male,China,"€95183,40"
279,Debi,Larkkem,dlarkkem7q@sourceforge.net,Female,China,"€90475,16"
280,Denny,Swynley,dswynley7r@economist.com,Female,Greece,"€14665,65"
281,Wolfy,Leyson,wleyson7s@gnu.org,Male,Russia,"€30963,55"
282,Catrina,Fredy,cfredy7t@exblog.jp,Female,France,"€94042,22"
283,Birgit,Lotterington,blotterington7u@google.co.jp,Female,Greece,"€79812,05"
284,Stormie,Ebunoluwa,sebunoluwa7v@ed.gov,Female,Zambia,"€198,62"
285,Simeon,Rock,srock7w@technorati.com,Genderqueer,Argentina,"€25805,62"
286,Shurlocke,Pearl,spearl7x@gizmodo.com,Male,France,"€15,84"
287,Trumann,Youd,tyoud7y@aboutads.info,Male,China,"€68572,32"
288,Corbin,Gonsalvo,cgonsalvo7z@unicef.org,Male,Sweden,"€96480,99"
289,Clim,Maginn,cmaginn80@sourceforge.net,Male,Indonesia,"€11307,79"
290,Lorri,Mechem,lmechem81@hatena.ne.jp,Genderqueer,Philippines,"€56505,96"
291,Dorolice,Doulton,ddoulton82@networkadvertising.org,Female,Indonesia,"€93712,26"
292,Lenette,Fudge,lfudge83@bloglines.com,Female,China,"€45955,32"
293,Rainer,Arondel,rarondel84@squarespace.com,Male,Nepal,"€87887,48"
294,Stirling,Seager,sseager85@istockphoto.com,Male,China,"€54282,53"
295,Buck,Linebarger,blinebarger86@ustream.tv,Male,Poland,"€63887,44"
296,Alonso,Tudball,atudball87@163.com,Male,Portugal,"€90933,15"
297,Lyndsay,Gaughan,lgaughan88@apple.com,Female,China,"€83651,01"
298,Essie,Whitlock,ewhitlock89@gmpg.org,Genderqueer,Poland,"€35449,01"
299,Helsa,Eminson,heminson8a@goo.gl,Female,Mongolia,"€23600,14"
300,Gram,Targe,gtarge8b@salon.com,Male,Indonesia,"€91777,01"
301,Celle,Pavluk,cpavluk8c@sogou.com,Female,Brazil,"€65115,09"
302,Lowrance,Kattenhorn,lkattenhorn8d@redcross.org,Male,China,"€77916,74"
303,Rosabella,Kettlesting,rkettlesting8e@bluehost.com,Female,Indonesia,"€15384,38"
304,Giorgia,Buckerfield,gbuckerfield8f@blogtalkradio.com,Female,Netherlands,"€38167,33"
305,Giuseppe,Jurisic,gjurisic8g@google.com.au,Male,Peru,"€91302,52"
306,Lexis,Gronou,lgronou8h@edublogs.org,Female,Portugal,"€57340,94"
307,Dosi,Vaissiere,dvaissiere8i@sitemeter.com,Female,Ireland,"€16291,19"
308,Saunders,Spinelli,sspinelli8j@dagondesign.com,Male,Nicaragua,"€97103,73"
309,Courtnay,Brabben,cbrabben8k@amazonaws.com,Male,China,"€33049,89"
310,Morissa,Pieterick,mpieterick8l@quantcast.com,Polygender,Greece,"€92125,12"
311,Dunc,Dedney,ddedney8m@hubpages.com,Male,China,"€57620,01"
312,Bondie,Letchford,bletchford8n@cisco.com,Male,Peru,"€27596,12"
313,Bernita,Mepsted,bmepsted8o@guardian.co.uk,Female,Yemen,"€67590,15"
314,Sada,Midden,smidden8p@google.ru,Female,Ecuador,"€90280,87"
315,Axel,Bertie,abertie8q@jimdo.com,Male,China,"€87132,17"
316,Constantin,Breache,cbreache8r@joomla.org,Male,Czech Republic,"€92286,86"
317,Casey,Perrat,cperrat8s@cam.ac.uk,Bigender,Iran,"€80914,22"
318,Carter,Audibert,caudibert8t@cpanel.net,Male,Japan,"€78426,95"
319,Trip,Pottie,tpottie8u@census.gov,Male,Argentina,"€6552,13"
320,Matty,Killeen,mkilleen8v@java.com,Bigender,Portugal,"€78912,58"
321,Gladys,Upshall,gupshall8w@ifeng.com,Non-binary,Vietnam,"€41181,68"
322,Matthus,Jzhakov,mjzhakov8x@cbsnews.com,Male,Indonesia,"€17578,69"
323,Gaile,Snowling,gsnowling8y@dion.ne.jp,Genderqueer,Russia,"€92838,48"
324,Matteo,O' Connell,moconnell8z@people.com.cn,Male,Indonesia,"€66911,11"
325,Quinton,Janic,qjanic90@tuttocitta.it,Male,China,"€25205,88"
326,King,Neames,kneames91@amazon.co.uk,Male,China,"€22249,45"
327,Lottie,Millwater,lmillwater92@slashdot.org,Female,Moldova,"€51335,83"
328,Vevay,Elph,velph93@php.net,Female,Thailand,"€56253,16"
329,Brigid,Oblein,boblein94@spotify.com,Female,Argentina,"€28251,98"
330,Teodoor,Peckitt,tpeckitt95@fda.gov,Male,Ethiopia,"€99026,30"
331,Davon,Ginnally,dginnally96@utexas.edu,Male,South Korea,"€42391,66"
332,Allen,Cleland,acleland97@nature.com,Male,Iraq,"€79692,09"
333,Tristan,Khalid,tkhalid98@usa.gov,Male,Ukraine,"€49090,38"
334,Wain,Berford,wberford99@hao123.com,Male,Sweden,"€40811,37"
335,Ahmad,Yeliashev,ayeliashev9a@tumblr.com,Male,Czech Republic,"€6787,50"
336,Upton,Hansley,uhansley9b@craigslist.org,Male,Tunisia,"€75541,61"
337,Gabriel,Bleakman,gbleakman9c@buzzfeed.com,Female,Indonesia,"€80628,25"
338,Klaus,Blei,kblei9d@yandex.ru,Male,China,"€15782,08"
339,Tova,Gandey,tgandey9e@parallels.com,Female,China,"€16900,00"
340,Griffith,Erdely,gerdely9f@nature.com,Male,Indonesia,"€16017,65"
341,Karim,Raw,kraw9g@businesswire.com,Male,Sweden,"€42948,59"
342,Malanie,Arnfield,marnfield9h@fc2.com,Female,Indonesia,"€10631,69"
343,Daphna,Naylor,dnaylor9i@privacy.gov.au,Female,Indonesia,"€98449,04"
344,Thorndike,Jimenez,tjimenez9j@storify.com,Male,China,"€11178,58"
345,Ethelin,O'Fielly,eofielly9k@ocn.ne.jp,Female,China,"€49512,67"
346,Donavon,Fasset,dfasset9l@netvibes.com,Male,Cuba,"€4601,94"
347,Tannie,Maddra,tmaddra9m@marketwatch.com,Male,Finland,"€48017,75"
348,Dermot,Spratling,dspratling9n@discuz.net,Male,Sweden,"€34059,29"
349,Darlleen,O'Loughnan,doloughnan9o@elegantthemes.com,Female,Indonesia,"€96935,73"
350,Olvan,Buick,obuick9p@elpais.com,Non-binary,Argentina,"€52882,88"
351,Heindrick,Senton,hsenton9q@privacy.gov.au,Male,China,"€44324,60"
352,Carolyne,McEachern,cmceachern9r@illinois.edu,Female,Philippines,"€16481,45"
353,Davin,Hyam,dhyam9s@miibeian.gov.cn,Male,Tanzania,"€21890,94"
354,Maris,Le Noir,mlenoir9t@cocolog-nifty.com,Bigender,Ghana,"€67914,57"
355,Jeannine,McCosh,jmccosh9u@guardian.co.uk,Female,Indonesia,"€72614,38"
356,Kirbie,Shotboulte,kshotboulte9v@loc.gov,Female,Portugal,"€90665,35"
357,Ingelbert,Foulstone,ifoulstone9w@odnoklassniki.ru,Male,Sweden,"€82678,06"
358,Luisa,Greatland,lgreatland9x@ca.gov,Female,Japan,"€32668,21"
359,Odille,Moylane,omoylane9y@uol.com.br,Female,Georgia,"€92854,40"
360,Joly,Filipovic,jfilipovic9z@nsw.gov.au,Female,Slovenia,"€84716,93"
361,Meredithe,Ransome,mransomea0@hexun.com,Female,China,"€60076,60"
362,Petr,Wickrath,pwickratha1@typepad.com,Male,Netherlands,"€89869,66"
363,Wendi,Burkinshaw,wburkinshawa2@dedecms.com,Female,Peru,"€81474,94"
364,Agosto,Pittem,apittema3@vinaora.com,Male,Sweden,"€47170,83"
365,Boycie,Jovis,bjovisa4@time.com,Male,Afghanistan,"€39651,35"
366,Garvin,Abrahamovitz,gabrahamovitza5@chron.com,Male,Canada,"€13327,61"
367,Tait,De Bernardis,tdebernardisa6@cocolog-nifty.com,Male,Peru,"€83351,16"
368,Norbert,Pharaoh,npharaoha7@buzzfeed.com,Male,Philippines,"€28928,13"
369,Stillman,Paske,spaskea8@pagesperso-orange.fr,Male,Albania,"€5631,42"
370,Orelie,Vitler,ovitlera9@mediafire.com,Female,Brazil,"€37270,86"
371,Laura,Chimienti,lchimientiaa@ask.com,Female,Ireland,"€16939,86"
372,Laurene,Leng,llengab@shop-pro.jp,Female,China,"€72949,53"
373,Pernell,Spaice,pspaiceac@privacy.gov.au,Genderfluid,Poland,"€58427,80"
374,Jemmy,De Ruggiero,jderuggieroad@webnode.com,Female,Philippines,"€81993,08"
375,Aurilia,Fetters,afettersae@slideshare.net,Female,Indonesia,"€94269,38"
376,Brendis,Nayshe,bnaysheaf@reuters.com,Male,Madagascar,"€21729,00"
377,Winonah,Siemon,wsiemonag@cdc.gov,Female,Russia,"€22707,29"
378,Sybilla,Bowlands,sbowlandsah@privacy.gov.au,Female,Finland,"€8242,95"
379,Tyler,Adshead,tadsheadai@istockphoto.com,Polygender,Indonesia,"€3008,27"
380,Jenna,Shippey,jshippeyaj@friendfeed.com,Non-binary,Comoros,"€81775,90"
381,Jackson,Di Nisco,jdiniscoak@slashdot.org,Male,China,"€8043,93"
382,Dino,Gillice,dgilliceal@amazon.co.jp,Male,Iran,"€12773,19"
383,Georgine,Creamen,gcreamenam@nytimes.com,Female,Indonesia,"€84334,01"
384,Jay,Greeno,jgreenoan@nationalgeographic.com,Male,Indonesia,"€96286,86"
385,Rice,Oldcote,roldcoteao@bluehost.com,Male,Finland,"€62585,81"
386,Leese,Cyples,lcyplesap@blogs.com,Female,Ireland,"€14316,85"
387,Harbert,Wardingley,hwardingleyaq@abc.net.au,Male,Thailand,"€74132,22"
388,Terry,Mustard,tmustardar@joomla.org,Male,Mexico,"€34936,02"
389,Rubin,Curton,rcurtonas@shinystat.com,Male,China,"€52874,93"
390,Giralda,Kimberley,gkimberleyat@tiny.cc,Female,Sweden,"€2224,65"
391,Osmond,Dannohl,odannohlau@123-reg.co.uk,Male,France,"€75733,68"
392,Yale,Hobbema,yhobbemaav@businessinsider.com,Male,China,"€81770,40"
393,Masha,Praton,mpratonaw@archive.org,Female,Canada,"€20961,43"
394,Aksel,Macia,amaciaax@flickr.com,Male,China,"€95656,08"
395,Madelene,Lansberry,mlansberryay@plala.or.jp,Polygender,Indonesia,"€40669,29"
396,Emmerich,Coathup,ecoathupaz@t.co,Male,Sweden,"€10890,26"
397,Annalise,Fern,afernb0@scribd.com,Female,Poland,"€68750,17"
398,Elihu,Karslake,ekarslakeb1@vimeo.com,Male,Ethiopia,"€72599,91"
399,Coralie,Cantera,ccanterab2@mlb.com,Female,Philippines,"€74243,01"
400,Rozanna,Tedstone,rtedstoneb3@answers.com,Female,Indonesia,"€10234,66"
401,Reggie,Redholes,rredholesb4@europa.eu,Female,Indonesia,"€56383,65"
402,Aldon,Aikenhead,aaikenheadb5@ox.ac.uk,Male,Poland,"€89475,74"
403,Terri-jo,Bevens,tbevensb6@twitpic.com,Genderqueer,Greece,"€13811,28"
404,Marylin,Neary,mnearyb7@jugem.jp,Female,Russia,"€39699,47"
405,Dominic,McKennan,dmckennanb8@istockphoto.com,Male,Jamaica,"€69568,20"
406,Jesse,Lehrer,jlehrerb9@facebook.com,Female,South Africa,"€38068,33"
407,Annemarie,Simoneton,asimonetonba@eepurl.com,Female,Ireland,"€24248,61"
408,Gusella,Eastbrook,geastbrookbb@pcworld.com,Female,Iran,"€72756,24"
409,Philomena,Plumm,pplummbc@earthlink.net,Female,Mexico,"€65243,31"
410,Eadie,Commin,ecomminbd@surveymonkey.com,Female,Vietnam,"€18432,87"
411,Georgena,Franceschino,gfranceschinobe@google.fr,Female,Czech Republic,"€7075,99"
412,Pearl,Rhyme,prhymebf@topsy.com,Female,China,"€6999,50"
413,Brnaby,Fraschetti,bfraschettibg@dailymotion.com,Male,Indonesia,"€88500,39"
414,Dicky,Harry,dharrybh@craigslist.org,Male,China,"€60077,79"
415,Anders,Arr,aarrbi@accuweather.com,Genderfluid,Indonesia,"€3110,66"
416,Kathye,Passo,kpassobj@imageshack.us,Female,Pakistan,"€11985,54"
417,Betti,Di Antonio,bdiantoniobk@weather.com,Female,Brazil,"€84544,10"
418,Kellyann,Hatchell,khatchellbl@ask.com,Female,Uzbekistan,"€85235,44"
419,Annis,Jans,ajansbm@cnet.com,Genderqueer,China,"€29282,90"
420,Kris,Tolchard,ktolchardbn@nyu.edu,Male,China,"€45810,42"
421,Belicia,Truswell,btruswellbo@bigcartel.com,Female,China,"€19113,15"
422,Jo-ann,Smythin,jsmythinbp@bloglovin.com,Genderqueer,Hungary,"€13383,58"
423,Gabbi,Dockwra,gdockwrabq@hhs.gov,Female,France,"€80457,75"
424,Annette,Watt,awattbr@amazon.com,Female,China,"€96522,37"
425,Laurie,Joinsey,ljoinseybs@pen.io,Male,Costa Rica,"€25743,65"
426,Alfy,Hyman,ahymanbt@ning.com,Female,Nigeria,"€21469,46"
427,Derril,Parrott,dparrottbu@weather.com,Male,Indonesia,"€70100,05"
428,Bryn,Crucitti,bcrucittibv@ed.gov,Male,Russia,"€33257,12"
429,Jackqueline,Crowhurst,jcrowhurstbw@dropbox.com,Female,Japan,"€4011,35"
430,Norene,Brigginshaw,nbrigginshawbx@bloglines.com,Female,Indonesia,"€35265,25"
431,Gaylord,Stidever,gstideverby@reference.com,Male,Tonga,"€63565,36"
432,Pavel,Bermingham,pberminghambz@skyrock.com,Male,New Zealand,"€34178,64"
433,Rock,Vokins,rvokinsc0@apache.org,Male,Philippines,"€67144,57"
434,Duke,Beat,dbeatc1@dailymotion.com,Polygender,Indonesia,"€74270,69"
435,Grethel,Beddo,gbeddoc2@cbslocal.com,Genderfluid,Indonesia,"€14118,51"
436,Cliff,Playdon,cplaydonc3@vimeo.com,Male,Ukraine,"€2910,95"
437,Dayle,Adshede,dadshedec4@seesaa.net,Female,Philippines,"€35463,95"
438,Hollis,Pillinger,hpillingerc5@bloglines.com,Male,France,"€15695,40"
439,Lisbeth,Wesley,lwesleyc6@wufoo.com,Female,Norway,"€48837,98"
440,Jorie,Cavie,jcaviec7@eventbrite.com,Female,China,"€55644,13"
441,Jaynell,Trice,jtricec8@jiathis.com,Female,Indonesia,"€1701,75"
442,Codi,Albin,calbinc9@pagesperso-orange.fr,Genderqueer,Indonesia,"€49046,00"
443,Willey,Lithgow,wlithgowca@cbsnews.com,Male,China,"€57476,27"
444,Elnore,Semmens,esemmenscb@baidu.com,Bigender,Nigeria,"€60625,27"
445,Bev,Vossgen,bvossgencc@unc.edu,Female,France,"€30726,13"
446,Britte,Thurston,bthurstoncd@bluehost.com,Female,Portugal,"€93934,50"
447,Mora,De Castri,mdecastrice@desdev.cn,Female,New Zealand,"€57710,42"
448,Bruno,Ekkel,bekkelcf@nytimes.com,Male,Peru,"€44105,25"
449,Eran,Lichtfoth,elichtfothcg@ycombinator.com,Female,Central African Republic,"€44009,60"
450,Karalynn,Buckland,kbucklandch@shop-pro.jp,Female,Venezuela,"€99295,46"
451,Giovanni,McAvey,gmcaveyci@diigo.com,Male,Philippines,"€93482,38"
452,Welch,Snasdell,wsnasdellcj@tmall.com,Male,China,"€94208,91"
453,Ricki,Gossling,rgosslingck@elpais.com,Male,Russia,"€27603,78"
454,Nickie,Voelker,nvoelkercl@networkadvertising.org,Male,Myanmar,"€53542,67"
455,Winfred,Hailey,whaileycm@japanpost.jp,Male,China,"€75556,01"
456,Blaire,Miall,bmiallcn@exblog.jp,Female,United States,"€31119,33"
457,Virginia,Lantaph,vlantaphco@simplemachines.org,Female,Macedonia,"€66155,98"
458,Solomon,Hawtry,shawtrycp@europa.eu,Male,Indonesia,"€45646,93"
459,Kippy,Chapellow,kchapellowcq@cafepress.com,Male,Poland,"€66516,92"
460,Chickie,Olver,colvercr@ft.com,Female,Philippines,"€81607,95"
461,Sayer,Faithorn,sfaithorncs@feedburner.com,Male,Poland,"€71797,82"
462,Tully,Graves,tgravesct@prnewswire.com,Male,Indonesia,"€74482,15"
463,Phyllis,Huelin,phuelincu@engadget.com,Female,Peru,"€20919,60"
464,Martha,Thurling,mthurlingcv@ucla.edu,Female,China,"€71052,26"
465,Joell,Barkess,jbarkesscw@ow.ly,Female,Argentina,"€8472,37"
466,Christoforo,Guidi,cguidicx@dailymotion.com,Male,Republic of the Congo,"€25259,97"
467,Tammy,Kipping,tkippingcy@issuu.com,Female,Norway,"€74258,25"
468,Antons,Leap,aleapcz@jiathis.com,Male,Mexico,"€81385,87"
469,Barty,Springtorp,bspringtorpd0@vkontakte.ru,Genderfluid,Czech Republic,"€74986,91"
470,Dave,Tickle,dtickled1@patch.com,Male,Philippines,"€11170,26"
471,Yorker,Govern,ygovernd2@yahoo.com,Male,Indonesia,"€866,44"
472,Darnall,Matyushonok,dmatyushonokd3@theguardian.com,Male,Czech Republic,"€47947,00"
473,Lidia,Goodspeed,lgoodspeedd4@free.fr,Female,Colombia,"€30276,24"
474,Eada,Hannah,ehannahd5@about.com,Agender,Greece,"€97504,61"
475,Gavra,Van Dijk,gvandijkd6@wired.com,Female,China,"€77439,32"
476,Mohandas,Pettigrew,mpettigrewd7@bravesites.com,Male,Greece,"€91735,88"
477,Jessica,Buxsey,jbuxseyd8@seattletimes.com,Female,Portugal,"€71302,69"
478,Reba,Watson-Brown,rwatsonbrownd9@java.com,Female,China,"€63704,53"
479,Nadya,Hamly,nhamlyda@dedecms.com,Genderqueer,China,"€36381,80"
480,Dorey,Soldner,dsoldnerdb@vistaprint.com,Male,France,"€7983,08"
481,Haleigh,Ferraraccio,hferraracciodc@dailymail.co.uk,Female,Jordan,"€7963,56"
482,Muffin,Jacobovitch,mjacobovitchdd@merriam-webster.com,Genderfluid,Morocco,"€42170,56"
483,Jacky,Dunster,jdunsterde@theglobeandmail.com,Male,Lithuania,"€65743,15"
484,Rawley,Alldread,ralldreaddf@vimeo.com,Male,Colombia,"€16117,80"
485,Remus,Day,rdaydg@scientificamerican.com,Polygender,Japan,"€87528,91"
486,Stace,Grooby,sgroobydh@techcrunch.com,Female,Brazil,"€36882,76"
487,Micaela,Annandale,mannandaledi@w3.org,Female,Finland,"€57091,45"
488,Vin,Harby,vharbydj@bbb.org,Male,North Korea,"€90514,77"
489,Leroy,Bohlsen,lbohlsendk@scientificamerican.com,Male,Portugal,"€90628,87"
490,Cheryl,Vasilik,cvasilikdl@eventbrite.com,Female,Australia,"€7891,06"
491,Hogan,Chavey,hchaveydm@jimdo.com,Male,Russia,"€75329,65"
492,Merrile,Mortimer,mmortimerdn@naver.com,Female,Sweden,"€46093,47"
493,Tabitha,Girk,tgirkdo@businessweek.com,Female,China,"€68307,85"
494,Kippar,Gniewosz,kgniewoszdp@bloglovin.com,Male,Indonesia,"€47893,83"
495,Hakim,Sansbury,hsansburydq@jugem.jp,Male,Philippines,"€97955,17"
496,Chip,Simenet,csimenetdr@columbia.edu,Male,Philippines,"€79020,92"
497,Olivia,Meiklem,omeiklemds@harvard.edu,Female,Russia,"€59192,94"
498,Wilmette,Micheli,wmichelidt@google.co.uk,Agender,Indonesia,"€14752,32"
499,Ruddy,Ramard,rramarddu@cpanel.net,Male,China,"€30759,35"
500,Zollie,Gyurko,zgyurkodv@dedecms.com,Male,China,"€22010,37"
501,Gussi,Muck,gmuckdw@example.com,Female,Vietnam,"€23516,84"
502,Ailis,Conrad,aconraddx@bravesites.com,Non-binary,United States,"€49319,35"
503,Tome,Banbridge,tbanbridgedy@epa.gov,Male,Mexico,"€92882,73"
504,Bron,Charlo,bcharlodz@jimdo.com,Male,Indonesia,"€87997,85"
505,Moe,Bulcroft,mbulcrofte0@typepad.com,Male,Japan,"€71714,65"
506,August,Poznan,apoznane1@delicious.com,Male,Indonesia,"€40175,62"
507,Saudra,MacMakin,smacmakine2@symantec.com,Female,Indonesia,"€70562,13"
508,Eddie,Cisson,ecissone3@amazon.co.jp,Bigender,China,"€99087,78"
509,Marlee,Howlings,mhowlingse4@soundcloud.com,Bigender,Thailand,"€5612,15"
510,Suzette,Benley,sbenleye5@rediff.com,Female,China,"€70826,50"
511,Sholom,Dupre,sdupree6@deliciousdays.com,Male,Indonesia,"€81050,90"
512,Livvyy,Greenhead,lgreenheade7@wikia.com,Female,Guatemala,"€31344,11"
513,Bancroft,Van Der Walt,bvanderwalte8@netlog.com,Male,Russia,"€85380,69"
514,Paxton,Imlacke,pimlackee9@usnews.com,Male,United States,"€36356,10"
515,Danya,Cuppitt,dcuppittea@mlb.com,Female,China,"€77351,00"
516,Thaddeus,Farrey,tfarreyeb@huffingtonpost.com,Male,Brazil,"€45688,50"
517,Jocelin,Squibe,jsquibeec@jimdo.com,Female,China,"€63437,31"
518,Ericha,Huffey,ehuffeyed@ft.com,Female,China,"€77184,35"
519,Greg,Waycott,gwaycottee@timesonline.co.uk,Male,Sweden,"€76834,71"
520,Alonzo,Kyberd,akyberdef@techcrunch.com,Male,France,"€48865,55"
521,Donelle,Tennewell,dtennewelleg@youku.com,Female,China,"€15707,48"
522,Sandy,Goodlad,sgoodladeh@hugedomains.com,Genderqueer,Indonesia,"€23976,57"
523,Antonius,Beaney,abeaneyei@newyorker.com,Male,Poland,"€75198,05"
524,Haven,Edmed,hedmedej@alexa.com,Male,China,"€85621,19"
525,Urson,Wesley,uwesleyek@digg.com,Male,Colombia,"€36914,95"
526,Georgi,Abramchik,gabramchikel@salon.com,Male,Indonesia,"€36955,43"
527,Salmon,Bertlin,sbertlinem@topsy.com,Male,Norway,"€41981,98"
528,Urban,Petrenko,upetrenkoen@unblog.fr,Genderfluid,Syria,"€63820,59"
529,Jodi,Rennie,jrennieeo@a8.net,Female,China,"€94695,02"
530,Deina,Rimour,drimourep@nsw.gov.au,Female,Sweden,"€50090,70"
531,William,Grosvenor,wgrosvenoreq@ezinearticles.com,Male,Albania,"€4163,65"
532,Helaina,Caudwell,hcaudweller@cafepress.com,Female,Philippines,"€70362,21"
533,Carney,Garnsworth,cgarnsworthes@elpais.com,Male,Portugal,"€18160,41"
534,Tobit,Hindrick,thindricket@youku.com,Male,Sweden,"€75628,08"
535,Coral,Seavers,cseaverseu@walmart.com,Female,Sweden,"€93282,76"
536,Mufi,Maunders,mmaundersev@cmu.edu,Female,China,"€85505,55"
537,Shaun,Sherborne,ssherborneew@hud.gov,Male,Poland,"€12326,86"
538,Galvan,Elles,gellesex@wiley.com,Male,France,"€88680,33"
539,Helen,Muston,hmustoney@symantec.com,Non-binary,Yemen,"€45955,84"
540,Kassandra,Craisford,kcraisfordez@xrea.com,Female,Brazil,"€6806,34"
541,Dell,Sargant,dsargantf0@shareasale.com,Male,Russia,"€41345,54"
542,Mirilla,Jenney,mjenneyf1@si.edu,Female,Mexico,"€65910,42"
543,Moss,Barends,mbarendsf2@sfgate.com,Male,Vietnam,"€33012,31"
544,Ev,Elston,eelstonf3@uiuc.edu,Male,Japan,"€17137,95"
545,Felicio,Rigney,frigneyf4@wordpress.com,Male,Honduras,"€99450,23"
546,Eachelle,Craddock,ecraddockf5@zimbio.com,Female,Philippines,"€59170,04"
547,Sarge,Carverhill,scarverhillf6@weibo.com,Male,Indonesia,"€59395,87"
548,Art,Zaniolo,azaniolof7@yahoo.com,Male,Syria,"€37147,13"
549,Heida,Duer,hduerf8@hud.gov,Non-binary,Greece,"€90009,32"
550,Demetrius,Wolland,dwollandf9@epa.gov,Male,France,"€70475,45"
551,Consalve,Kift,ckiftfa@chron.com,Male,Greece,"€36231,55"
552,Flora,MacCoughan,fmaccoughanfb@youtube.com,Female,Indonesia,"€76165,08"
553,Sergei,Tawse,stawsefc@linkedin.com,Male,Venezuela,"€54262,76"
554,Clarice,Barns,cbarnsfd@paginegialle.it,Female,Chad,"€81380,42"
555,Noah,Parlot,nparlotfe@so-net.ne.jp,Male,China,"€88789,44"
556,Onida,Duigan,oduiganff@google.com.br,Female,South Africa,"€57998,41"
557,Cecily,Beentjes,cbeentjesfg@wiley.com,Female,Nigeria,"€81116,10"
558,Samson,Mewe,smewefh@wordpress.com,Male,Poland,"€73807,62"
559,Jerry,Scurrey,jscurreyfi@cbc.ca,Male,Russia,"€73622,01"
560,Quincy,Clutheram,qclutheramfj@adobe.com,Male,Indonesia,"€22963,42"
561,Torrance,Cartmail,tcartmailfk@icio.us,Male,Indonesia,"€61660,80"
562,Alissa,Huglin,ahuglinfl@mashable.com,Female,Chad,"€94264,08"
563,Clerkclaude,Alenichicov,calenichicovfm@psu.edu,Male,Indonesia,"€41051,35"
564,Boot,Demanche,bdemanchefn@jugem.jp,Genderfluid,Peru,"€67479,97"
565,Bret,Pfertner,bpfertnerfo@google.co.jp,Male,China,"€62742,95"
566,Johnathon,Cavanaugh,jcavanaughfp@time.com,Male,Poland,"€18954,18"
567,Viviana,Gipp,vgippfq@abc.net.au,Female,China,"€20888,00"
568,Brock,Lanegran,blanegranfr@geocities.com,Male,Venezuela,"€25272,64"
569,Emelita,Fishenden,efishendenfs@ow.ly,Female,United States,"€76717,87"
570,Ruttger,Ambrodi,rambrodift@jalbum.net,Male,Argentina,"€85399,17"
571,Shanta,Loveitt,sloveittfu@surveymonkey.com,Female,Portugal,"€62474,46"
572,Osbourn,Andresser,oandresserfv@uol.com.br,Male,Serbia,"€42234,86"
573,Craggy,Schimek,cschimekfw@nature.com,Male,Nigeria,"€69247,37"
574,Jesus,Polak,jpolakfx@disqus.com,Male,Brazil,"€70507,42"
575,Sutton,Fidelli,sfidellify@alexa.com,Male,Brazil,"€30801,14"
576,Betti,Labadini,blabadinifz@wunderground.com,Female,Samoa,"€41818,61"
577,Debby,Strangwood,dstrangwoodg0@prlog.org,Female,Nigeria,"€38135,45"
578,Korey,Lightning,klightningg1@blogs.com,Male,China,"€34685,14"
579,Karoly,Reide,kreideg2@mediafire.com,Female,China,"€10803,40"
580,Consuela,Harp,charpg3@wikipedia.org,Genderfluid,Malaysia,"€2165,04"
581,Burr,Farnes,bfarnesg4@thetimes.co.uk,Male,Philippines,"€14140,73"
582,Audy,Hunte,ahunteg5@purevolume.com,Female,Mongolia,"€24847,28"
583,Sol,Doward,sdowardg6@opensource.org,Male,Brunei,"€2566,17"
584,Betteanne,Hearnshaw,bhearnshawg7@deliciousdays.com,Female,Philippines,"€88990,16"
585,Rosene,Doddridge,rdoddridgeg8@archive.org,Female,Russia,"€74318,17"
586,Ad,McGarry,amcgarryg9@shinystat.com,Male,China,"€13948,04"
587,Alla,Awcoate,aawcoatega@buzzfeed.com,Female,Italy,"€87785,83"
588,Dew,Tweddell,dtweddellgb@dyndns.org,Polygender,Sweden,"€69180,86"
589,Carolyn,Tippell,ctippellgc@mit.edu,Female,China,"€20966,87"
590,Ray,Downey,rdowneygd@discovery.com,Male,Iraq,"€29056,71"
591,Arlan,Bancroft,abancroftge@parallels.com,Male,Russia,"€68201,57"
592,Quintilla,Culcheth,qculchethgf@engadget.com,Female,Azerbaijan,"€21514,38"
593,Gordan,Galiford,ggalifordgg@wikipedia.org,Male,Indonesia,"€68483,63"
594,Dane,Dunne,ddunnegh@a8.net,Male,Poland,"€46592,01"
595,Daile,O' Byrne,dobyrnegi@storify.com,Female,Nigeria,"€46674,37"
596,Murdock,Marishenko,mmarishenkogj@xrea.com,Male,Greece,"€34844,67"
597,Viola,Chagg,vchagggk@ocn.ne.jp,Genderqueer,Philippines,"€36984,50"
598,Ursola,Rolls,urollsgl@zdnet.com,Female,China,"€28129,20"
599,Dory,Flexman,dflexmangm@businessinsider.com,Female,United States,"€95310,16"
600,Grace,Blamire,gblamiregn@skyrock.com,Male,Brazil,"€40471,59"
601,Shawn,Beamand,sbeamandgo@nih.gov,Male,Czech Republic,"€4875,81"
602,Gage,MacMenemy,gmacmenemygp@phoca.cz,Male,Philippines,"€64902,03"
603,Nikolia,Argabrite,nargabritegq@myspace.com,Female,Philippines,"€92330,31"
604,Gene,De Roberto,gderobertogr@apple.com,Male,Venezuela,"€68991,39"
605,Merrili,Thombleson,mthomblesongs@gizmodo.com,Female,Indonesia,"€36405,46"
606,Radcliffe,Dadge,rdadgegt@alibaba.com,Male,Philippines,"€9926,53"
607,Malvin,Gooble,mgooblegu@zimbio.com,Male,China,"€90698,33"
608,L;urette,Bern,lberngv@cnet.com,Female,China,"€87291,62"
609,Jillane,Pinke,jpinkegw@bloomberg.com,Female,Canada,"€63875,94"
610,Dode,Middlebrook,dmiddlebrookgx@japanpost.jp,Female,Mexico,"€73915,75"
611,Rafaelia,Martin,rmartingy@usda.gov,Female,United States,"€84367,46"
612,Salim,Egle of Germany,segleofgermanygz@answers.com,Male,Philippines,"€82599,33"
613,Norby,Dunabie,ndunabieh0@diigo.com,Polygender,Brazil,"€20999,39"
614,Romeo,Nicolson,rnicolsonh1@apache.org,Male,Sweden,"€10893,92"
615,Hadlee,Cullinan,hcullinanh2@spiegel.de,Male,Thailand,"€5942,56"
616,Galvan,Storres,gstorresh3@hibu.com,Male,China,"€27220,62"
617,Ted,Verzey,tverzeyh4@so-net.ne.jp,Female,France,"€87450,03"
618,Bessy,Reckhouse,breckhouseh5@vistaprint.com,Female,Canada,"€38675,81"
619,Patricia,Lesser,plesserh6@elpais.com,Female,Peru,"€61174,52"
620,Kellina,Illing,killingh7@reddit.com,Female,Tajikistan,"€20110,94"
621,Katharine,Kleinhaut,kkleinhauth8@economist.com,Female,Indonesia,"€2861,66"
622,Rick,Denisyev,rdenisyevh9@miitbeian.gov.cn,Genderfluid,Indonesia,"€21890,22"
623,Trip,De Meyer,tdemeyerha@salon.com,Male,Indonesia,"€81495,95"
624,Phineas,Goodsell,pgoodsellhb@ezinearticles.com,Male,Mexico,"€71581,02"
625,Susette,Laugherane,slaugheranehc@usatoday.com,Bigender,Thailand,"€91564,83"
626,Bastian,Sebrook,bsebrookhd@blog.com,Genderqueer,Macedonia,"€25445,41"
627,Micaela,Diss,mdisshe@goodreads.com,Female,Portugal,"€60325,85"
628,Berk,Grayling,bgraylinghf@gmpg.org,Male,China,"€64082,60"
629,Iolande,Shelford,ishelfordhg@weather.com,Bigender,Philippines,"€23615,60"
630,Yard,Marini,ymarinihh@surveymonkey.com,Polygender,Philippines,"€14452,78"
631,Griff,Sarfatti,gsarfattihi@bizjournals.com,Male,China,"€50404,28"
632,Morten,Stoggles,mstoggleshj@msu.edu,Male,Brazil,"€5399,86"
633,Debor,Izatt,dizatthk@instagram.com,Female,Russia,"€15085,69"
634,Deborah,Dissman,ddissmanhl@home.pl,Female,Palestinian Territory,"€81022,15"
635,Lexi,Brownsmith,lbrownsmithhm@un.org,Female,Russia,"€30912,02"
636,Edie,McGrill,emcgrillhn@psu.edu,Female,Mayotte,"€81314,08"
637,Sandra,Etchell,setchellho@webeden.co.uk,Female,Poland,"€41259,47"
638,Kerry,Stickney,kstickneyhp@opensource.org,Male,China,"€6023,52"
639,Elia,Otley,eotleyhq@cnbc.com,Male,China,"€49292,74"
640,Lauren,Calterone,lcalteronehr@furl.net,Genderqueer,Sweden,"€42207,40"
641,Ellissa,Aveyard,eaveyardhs@google.de,Female,Colombia,"€78134,27"
642,Jobina,Mougin,jmouginht@nytimes.com,Female,Indonesia,"€92580,75"
643,Caesar,Yurkin,cyurkinhu@paypal.com,Male,Indonesia,"€7440,25"
644,Nikaniki,Whitemarsh,nwhitemarshhv@squarespace.com,Genderqueer,France,"€7711,09"
645,Huntington,Dannell,hdannellhw@delicious.com,Male,Argentina,"€61090,13"
646,Stirling,Guidotti,sguidottihx@barnesandnoble.com,Male,Argentina,"€81193,11"
647,Luis,Blencoe,lblencoehy@dell.com,Male,Bolivia,"€73576,56"
648,Ronica,Brickett,rbricketthz@chronoengine.com,Female,China,"€58876,59"
649,Amalle,Sember,asemberi0@infoseek.co.jp,Female,Japan,"€69077,03"
650,Claudio,Whaley,cwhaleyi1@parallels.com,Male,China,"€38212,38"
651,Lanie,Bains,lbainsi2@bandcamp.com,Female,Gabon,"€6200,26"
652,Scotti,Blaze,sblazei3@cisco.com,Male,China,"€69691,41"
653,Maximo,Arran,marrani4@ezinearticles.com,Male,Poland,"€98755,08"
654,Bette,Nail,bnaili5@icio.us,Agender,Myanmar,"€92960,36"
655,Spense,Cranch,scranchi6@sun.com,Male,Portugal,"€43114,69"
656,Min,Guilbert,mguilberti7@vimeo.com,Female,China,"€10290,48"
657,Fax,Crick,fcricki8@wisc.edu,Male,Indonesia,"€87599,58"
658,Nerissa,Strang,nstrangi9@bing.com,Female,Spain,"€73503,01"
659,Jennie,Nassy,jnassyia@chicagotribune.com,Female,Guatemala,"€88733,57"
660,Giff,Norcross,gnorcrossib@odnoklassniki.ru,Male,Armenia,"€49534,10"
661,Alyda,Muro,amuroic@wikispaces.com,Female,Indonesia,"€92842,38"
662,Austen,Petrescu,apetrescuid@princeton.edu,Male,Brazil,"€21849,24"
663,Frants,Moulder,fmoulderie@about.com,Male,Russia,"€31812,79"
664,Mandel,Scrowby,mscrowbyif@youku.com,Male,Sweden,"€49321,26"
665,Gerik,Janks,gjanksig@ovh.net,Male,Laos,"€85643,55"
666,Sibbie,Stoker,sstokerih@blogspot.com,Female,Peru,"€21044,71"
667,Kathie,Alven,kalvenii@usa.gov,Female,Finland,"€55306,46"
668,Derek,Fearns,dfearnsij@topsy.com,Male,Poland,"€5614,81"
669,Barde,Chappell,bchappellik@nyu.edu,Male,Indonesia,"€93646,36"
670,Hersh,Scardifeild,hscardifeildil@nationalgeographic.com,Non-binary,Indonesia,"€41543,39"
671,Correna,Custed,ccustedim@oracle.com,Female,Russia,"€9976,46"
672,Magnum,Conkie,mconkiein@guardian.co.uk,Male,China,"€36946,15"
673,Terry,Nolleth,tnollethio@deliciousdays.com,Male,Iran,"€59097,16"
674,Colette,Wegener,cwegenerip@odnoklassniki.ru,Female,Canada,"€84919,11"
675,Carmine,Marron,cmarroniq@nhs.uk,Male,Russia,"€91374,35"
676,Carly,Calloway,ccallowayir@flavors.me,Male,Benin,"€25563,59"
677,Kissie,Bargh,kbarghis@merriam-webster.com,Female,Indonesia,"€9280,60"
678,Philippe,Ginnell,pginnellit@epa.gov,Female,Iran,"€73102,15"
679,Filide,Clemens,fclemensiu@freewebs.com,Female,Brazil,"€14928,09"
680,Willetta,Lippett,wlippettiv@usgs.gov,Female,France,"€13083,62"
681,Suzanne,Buddles,sbuddlesiw@devhub.com,Female,Philippines,"€37329,96"
682,Erastus,Summerhayes,esummerhayesix@list-manage.com,Male,Macedonia,"€38894,68"
683,Gun,Robjant,grobjantiy@gravatar.com,Male,Indonesia,"€53162,68"
684,Marlo,Ladloe,mladloeiz@wikispaces.com,Female,France,"€94843,75"
685,Sheryl,Reavey,sreaveyj0@blinklist.com,Female,Croatia,"€93763,30"
686,Barny,Girogetti,bgirogettij1@scribd.com,Male,Argentina,"€90516,51"
687,Ilyse,Lope,ilopej2@ftc.gov,Female,Philippines,"€20098,51"
688,Frederich,Gerriessen,fgerriessenj3@scribd.com,Male,Angola,"€13062,50"
689,Karlene,Fernie,kferniej4@webs.com,Female,Laos,"€38740,27"
690,Idalina,Craighead,icraigheadj5@youtu.be,Female,Portugal,"€22526,60"
691,Adrea,Achromov,aachromovj6@cbsnews.com,Female,Thailand,"€67444,73"
692,Kiley,Lidyard,klidyardj7@si.edu,Female,China,"€44327,72"
693,Townsend,Cogar,tcogarj8@unc.edu,Male,Indonesia,"€80275,29"
694,Melisenda,Hurrion,mhurrionj9@nymag.com,Female,Germany,"€38852,04"
695,Shelly,Samudio,ssamudioja@redcross.org,Female,China,"€64758,48"
696,Davie,Buntain,dbuntainjb@seesaa.net,Male,Portugal,"€92768,95"
697,Etan,Patey,epateyjc@infoseek.co.jp,Male,Poland,"€30516,37"
698,Sunny,Speariett,sspeariettjd@elegantthemes.com,Male,Gambia,"€6710,96"
699,Danit,Churchill,dchurchillje@go.com,Female,Indonesia,"€78628,61"
700,Englebert,Petters,epettersjf@freewebs.com,Male,Macedonia,"€81175,73"
701,Hillie,Minster,hminsterjg@tripadvisor.com,Male,Germany,"€80005,90"
702,Isa,Kinghorne,ikinghornejh@nyu.edu,Bigender,China,"€29484,80"
703,Kenneth,Gerraty,kgerratyji@cpanel.net,Male,China,"€32995,63"
704,Nicolis,Selby,nselbyjj@nih.gov,Male,Indonesia,"€9593,05"
705,Mahmud,Murtagh,mmurtaghjk@sourceforge.net,Male,Ivory Coast,"€27391,35"
706,Emelen,Senton,esentonjl@booking.com,Bigender,Indonesia,"€54929,14"
707,Dennet,Wallworke,dwallworkejm@senate.gov,Male,Indonesia,"€89124,49"
708,Alvan,Narducci,anarduccijn@usnews.com,Male,Peru,"€5985,81"
709,Joby,Lagne,jlagnejo@newsvine.com,Female,China,"€72867,65"
710,Shaylynn,Scollick,sscollickjp@yale.edu,Female,Uganda,"€79219,26"
711,Bat,Hadden,bhaddenjq@netvibes.com,Male,Indonesia,"€49627,45"
712,Valentino,Haddleton,vhaddletonjr@liveinternet.ru,Genderqueer,United States,"€58476,97"
713,Paolo,Melbourn,pmelbournjs@nydailynews.com,Male,Canada,"€64229,18"
714,Thelma,Durrant,tdurrantjt@people.com.cn,Female,Syria,"€41799,75"
715,Guthry,Marlow,gmarlowju@blinklist.com,Male,Brazil,"€80275,19"
716,Bryon,Lynn,blynnjv@hibu.com,Male,China,"€26987,69"
717,Aubrie,Haslen,ahaslenjw@liveinternet.ru,Female,China,"€28404,40"
718,Skye,Seiler,sseilerjx@fc2.com,Male,Portugal,"€12485,90"
719,Ronica,Matthius,rmatthiusjy@dropbox.com,Female,Peru,"€2048,25"
720,Denys,Peddar,dpeddarjz@netscape.com,Male,United States,"€48562,77"
721,Rania,Gillum,rgillumk0@soundcloud.com,Female,Yemen,"€86750,61"
722,Dun,Wearing,dwearingk1@nba.com,Polygender,Canada,"€78244,07"
723,Hedwiga,Cawse,hcawsek2@yahoo.com,Female,Philippines,"€91883,29"
724,Stacee,Shackleton,sshackletonk3@drupal.org,Female,China,"€69392,92"
725,Evelin,Jackways,ejackwaysk4@csmonitor.com,Male,China,"€43888,58"
726,Ariel,McTurk,amcturkk5@oracle.com,Female,Philippines,"€7496,02"
727,Dody,Risen,drisenk6@taobao.com,Female,Macedonia,"€48544,70"
728,Archibald,Storch,astorchk7@psu.edu,Male,China,"€60093,77"
729,Mallory,Durnan,mdurnank8@macromedia.com,Bigender,Portugal,"€6985,16"
730,Miriam,Fowells,mfowellsk9@cnet.com,Female,Russia,"€73062,34"
731,Aloin,Seville,asevilleka@mit.edu,Male,Philippines,"€88645,05"
732,Leta,Lamcken,llamckenkb@ebay.com,Female,China,"€7283,24"
733,Spenser,Fearnsides,sfearnsideskc@lycos.com,Bigender,Ukraine,"€93477,94"
734,Stefania,Fann,sfannkd@unesco.org,Female,Laos,"€13496,55"
735,Brinn,Heijnen,bheijnenke@cisco.com,Female,Vietnam,"€94145,23"
736,Cher,Charte,cchartekf@amazon.co.jp,Female,China,"€27979,41"
737,Devan,Dashper,ddashperkg@i2i.jp,Genderqueer,Portugal,"€89213,86"
738,Clarissa,McNeillie,cmcneilliekh@timesonline.co.uk,Female,Ukraine,"€30106,20"
739,Edmund,Beathem,ebeathemki@europa.eu,Male,Thailand,"€16810,24"
740,Gilburt,Raithby,graithbykj@techcrunch.com,Male,Vietnam,"€68421,42"
741,Joshia,Rittmeyer,jrittmeyerkk@weather.com,Male,Norway,"€62291,73"
742,Fancie,Kermitt,fkermittkl@umn.edu,Female,China,"€67219,15"
743,Ardene,Walklate,awalklatekm@sciencedaily.com,Female,China,"€51990,76"
744,Jackson,Gairdner,jgairdnerkn@arizona.edu,Male,Mayotte,"€48874,53"
745,Linda,Bugden,lbugdenko@state.tx.us,Female,Indonesia,"€17196,02"
746,Patton,Spiers,pspierskp@webeden.co.uk,Bigender,Portugal,"€73445,97"
747,Gayler,Prosek,gprosekkq@google.nl,Male,Philippines,"€27022,62"
748,Millie,Troutbeck,mtroutbeckkr@vkontakte.ru,Female,Sweden,"€92337,70"
749,Sandi,Di Francesco,sdifrancescoks@163.com,Female,Thailand,"€53553,52"
750,Oliver,Elsey,oelseykt@goo.ne.jp,Male,Brazil,"€85801,40"
751,Goran,Gillard,ggillardku@com.com,Male,Moldova,"€62848,48"
752,Hurleigh,Merioth,hmeriothkv@state.gov,Male,Argentina,"€8348,14"
753,Corabel,Follit,cfollitkw@behance.net,Female,China,"€3939,61"
754,Maryann,Andryushin,mandryushinkx@parallels.com,Female,Portugal,"€93076,18"
755,Caty,Payfoot,cpayfootky@unicef.org,Female,Argentina,"€83141,45"
756,Fayette,Downham,fdownhamkz@hp.com,Female,Mongolia,"€39249,10"
757,Shanan,Rappa,srappal0@squarespace.com,Male,China,"€44971,73"
758,Xerxes,Stadden,xstaddenl1@plala.or.jp,Male,France,"€44302,81"
759,Stafani,Langham,slanghaml2@youtube.com,Female,Germany,"€61453,60"
760,Obidiah,Stanfield,ostanfieldl3@marriott.com,Male,Indonesia,"€41385,56"
761,Nelly,De Atta,ndeattal4@hao123.com,Female,Russia,"€17219,23"
762,Salvidor,Hrishanok,shrishanokl5@census.gov,Male,China,"€18782,98"
763,Wanids,Thorndale,wthorndalel6@sbwire.com,Female,United States,"€75708,45"
764,Audre,Lowle,alowlel7@cornell.edu,Genderqueer,Thailand,"€71467,30"
765,Olenolin,Lob,olobl8@paginegialle.it,Male,Armenia,"€69902,28"
766,Irwin,McLachlan,imclachlanl9@nhs.uk,Male,France,"€56421,52"
767,Agatha,Accombe,aaccombela@4shared.com,Female,Indonesia,"€31464,43"
768,Anders,Waite,awaitelb@alibaba.com,Male,Ukraine,"€11344,01"
769,Gayelord,Millberg,gmillberglc@go.com,Male,Jordan,"€58349,63"
770,Rosabella,Johnke,rjohnkeld@sphinn.com,Female,Indonesia,"€93756,36"
771,Norbert,Crompton,ncromptonle@nps.gov,Male,Indonesia,"€18144,27"
772,Pren,Jonson,pjonsonlf@intel.com,Male,Indonesia,"€89316,26"
773,Berti,Pettecrew,bpettecrewlg@ihg.com,Female,Sri Lanka,"€49525,05"
774,Alberik,Widdecombe,awiddecombelh@mayoclinic.com,Male,China,"€50775,07"
775,Oralee,Davidavidovics,odavidavidovicsli@indiatimes.com,Agender,Sweden,"€5579,65"
776,Andrus,Colbert,acolbertlj@livejournal.com,Male,Malaysia,"€71770,24"
777,Kris,Firidolfi,kfiridolfilk@spotify.com,Male,Poland,"€80221,75"
778,Selig,Maroney,smaroneyll@senate.gov,Male,United States,"€34052,77"
779,Malissa,Blackburne,mblackburnelm@intel.com,Female,China,"€62872,49"
780,Cash,Shrubb,cshrubbln@opera.com,Genderqueer,North Korea,"€1536,57"
781,Ilsa,Blackly,iblacklylo@sun.com,Female,France,"€28969,83"
782,Jen,Hawke,jhawkelp@topsy.com,Female,France,"€51376,54"
783,Marge,Sketchley,msketchleylq@zimbio.com,Female,Indonesia,"€90787,99"
784,Joeann,Aicheson,jaichesonlr@cnet.com,Female,Spain,"€22659,26"
785,Tobe,Bonney,tbonneyls@privacy.gov.au,Male,China,"€6122,51"
786,Odo,Toping,otopinglt@diigo.com,Male,Nigeria,"€62169,74"
787,Roderich,Yoakley,ryoakleylu@altervista.org,Male,Chile,"€48432,18"
788,Fina,Jeram,fjeramlv@woothemes.com,Female,Portugal,"€99470,91"
789,Giacopo,Dundendale,gdundendalelw@discuz.net,Male,China,"€19032,48"
790,Bethany,Gallatly,bgallatlylx@printfriendly.com,Female,Israel,"€90363,06"
791,Maureen,Hayler,mhaylerly@paypal.com,Female,Ukraine,"€12310,21"
792,Tuckie,Hardwich,thardwichlz@nba.com,Male,Thailand,"€88344,31"
793,Dallon,Brammall,dbrammallm0@imdb.com,Male,Tunisia,"€25916,78"
794,Skippy,Carrack,scarrackm1@joomla.org,Male,Brazil,"€78214,59"
795,Felipa,Kornilyev,fkornilyevm2@sfgate.com,Female,China,"€85833,35"
796,Daniella,Millington,dmillingtonm3@rambler.ru,Female,Thailand,"€83518,90"
797,Mort,Tynnan,mtynnanm4@jugem.jp,Male,United States,"€92503,16"
798,Brody,Lipscomb,blipscombm5@nih.gov,Male,Guatemala,"€79206,13"
799,Ewart,Lanston,elanstonm6@fc2.com,Bigender,Zambia,"€89314,38"
800,Ferdinanda,Beadel,fbeadelm7@phoca.cz,Female,Philippines,"€13074,96"
801,Melloney,Marchbank,mmarchbankm8@fda.gov,Female,Philippines,"€94751,03"
802,Sella,Martineau,smartineaum9@dmoz.org,Female,Brazil,"€58034,74"
803,Myrlene,Gilhouley,mgilhouleyma@odnoklassniki.ru,Female,China,"€99276,80"
804,Jedd,Ockleshaw,jockleshawmb@fda.gov,Male,China,"€28241,82"
805,Zeke,Toll,ztollmc@cocolog-nifty.com,Polygender,China,"€82131,17"
806,Matias,Oakeshott,moakeshottmd@bandcamp.com,Male,China,"€91647,77"
807,Berte,Cutten,bcuttenme@youku.com,Female,Poland,"€28703,46"
808,Tome,Verden,tverdenmf@naver.com,Male,Mayotte,"€48101,40"
809,Thaine,Breacher,tbreachermg@ifeng.com,Male,China,"€85133,86"
810,Kevon,Mulcaster,kmulcastermh@ucla.edu,Male,Sweden,"€76842,95"
811,Risa,Bohden,rbohdenmi@networkadvertising.org,Female,Greece,"€68895,35"
812,Lanny,Dyde,ldydemj@quantcast.com,Non-binary,Philippines,"€27479,14"
813,Aland,Gladwell,agladwellmk@imdb.com,Male,China,"€81819,03"
814,Odie,Probbin,oprobbinml@yelp.com,Male,Czech Republic,"€72179,16"
815,Druci,Conroy,dconroymm@scribd.com,Female,China,"€93783,18"
816,Nananne,Meenan,nmeenanmn@census.gov,Female,Mexico,"€99516,60"
817,Alexina,Lovel,alovelmo@home.pl,Female,Philippines,"€84597,15"
818,Alastair,Barnewelle,abarnewellemp@wikipedia.org,Male,Russia,"€36345,07"
819,Hazlett,Oury,hourymq@cdbaby.com,Agender,Canada,"€65724,45"
820,Daniella,Polly,dpollymr@noaa.gov,Female,Indonesia,"€2132,87"
821,Kile,Naris,knarisms@moonfruit.com,Male,Cameroon,"€21065,59"
822,Milka,Raynor,mraynormt@seattletimes.com,Female,Philippines,"€75327,43"
823,Chloris,Williscroft,cwilliscroftmu@blog.com,Female,Ukraine,"€80892,41"
824,Lindsay,Rawlyns,lrawlynsmv@gmpg.org,Male,Nicaragua,"€36887,06"
825,Renell,Devereux,rdevereuxmw@mozilla.org,Female,Argentina,"€23392,47"
826,Dunstan,Eversfield,deversfieldmx@ovh.net,Male,Mongolia,"€87945,88"
827,Abelard,Wreak,awreakmy@netscape.com,Male,Sri Lanka,"€1778,55"
828,Crystie,Dudney,cdudneymz@hatena.ne.jp,Female,China,"€16380,76"
829,Bonnie,Noe,bnoen0@reuters.com,Female,Sweden,"€63550,56"
830,Noni,Rosso,nrosson1@gizmodo.com,Female,Albania,"€48918,52"
831,Nanni,Summers,nsummersn2@amazon.co.jp,Female,Lithuania,"€23131,36"
832,Alissa,Thal,athaln3@typepad.com,Female,Indonesia,"€48385,49"
833,Shandeigh,Santello,ssantellon4@creativecommons.org,Agender,China,"€31262,60"
834,Stan,Wrightam,swrightamn5@un.org,Male,Cyprus,"€79607,13"
835,Anica,Keppy,akeppyn6@tripod.com,Female,Philippines,"€16356,86"
836,Judi,Leebetter,jleebettern7@auda.org.au,Female,China,"€26255,02"
837,Krissie,Jacmard,kjacmardn8@globo.com,Female,United States,"€14433,61"
838,Nathanial,Gadson,ngadsonn9@devhub.com,Male,Czech Republic,"€56867,30"
839,Kaine,Guise,kguisena@wordpress.org,Male,Norway,"€40829,79"
840,Irwinn,Jerrolt,ijerroltnb@newsvine.com,Male,China,"€96357,45"
841,Mordecai,Chastel,mchastelnc@w3.org,Male,China,"€63344,24"
842,Evyn,Dufore,eduforend@dion.ne.jp,Male,China,"€93434,67"
843,Ian,Robyns,irobynsne@wunderground.com,Male,South Korea,"€22112,47"
844,Horatius,Rolance,hrolancenf@qq.com,Male,New Zealand,"€7144,55"
845,Frederico,Brooke,fbrookeng@yahoo.co.jp,Male,Russia,"€57079,53"
846,Louella,Toma,ltomanh@umich.edu,Female,Paraguay,"€14417,03"
847,Binnie,Pitblado,bpitbladoni@wordpress.com,Female,Latvia,"€52142,03"
848,Claudine,Leimster,cleimsternj@fc2.com,Polygender,Nigeria,"€29696,31"
849,Marji,Myford,mmyfordnk@canalblog.com,Female,China,"€24447,70"
850,Geraldine,Tournie,gtournienl@mozilla.com,Female,Austria,"€13159,67"
851,Jeremy,Taffs,jtaffsnm@slashdot.org,Male,China,"€86869,24"
852,Mike,Coggell,mcoggellnn@chicagotribune.com,Male,Peru,"€25500,24"
853,Esra,Southerill,esoutherillno@yandex.ru,Genderfluid,Mongolia,"€26355,89"
854,Aurthur,Lipprose,alipprosenp@constantcontact.com,Male,Liberia,"€80456,86"
855,Vin,Hinemoor,vhinemoornq@cisco.com,Male,Greece,"€34121,50"
856,Daniella,Zorer,dzorernr@zimbio.com,Female,China,"€78080,13"
857,Davide,Winney,dwinneyns@sciencedaily.com,Male,Afghanistan,"€39399,64"
858,Clemmy,Oddy,coddynt@marriott.com,Male,Philippines,"€59081,12"
859,Dominick,Tomaszek,dtomaszeknu@wix.com,Male,Indonesia,"€63081,81"
860,Maire,Velti,mveltinv@networksolutions.com,Female,Philippines,"€79542,28"
861,Darlleen,Pessolt,dpessoltnw@ning.com,Female,Belarus,"€52453,58"
862,Denver,Mellody,dmellodynx@diigo.com,Male,Indonesia,"€35090,43"
863,Coral,Nowakowski,cnowakowskiny@github.com,Female,Thailand,"€99250,12"
864,Marika,Borgnet,mborgnetnz@craigslist.org,Female,China,"€78632,67"
865,Georgeta,Nodes,gnodeso0@newyorker.com,Female,Niger,"€76138,88"
866,Ki,Stanman,kstanmano1@shareasale.com,Female,Indonesia,"€79751,84"
867,Alexia,Jarley,ajarleyo2@vinaora.com,Female,Ivory Coast,"€63525,25"
868,Leticia,Monger,lmongero3@indiegogo.com,Female,France,"€65231,96"
869,Ira,Megroff,imegroffo4@amazon.co.uk,Male,Panama,"€90667,99"
870,Giorgio,Sclater,gsclatero5@nhs.uk,Male,China,"€96033,77"
871,Marketa,Ionn,mionno6@bloomberg.com,Female,Argentina,"€66722,31"
872,Tate,Covolini,tcovolinio7@unblog.fr,Male,Peru,"€76678,94"
873,Jedediah,Sawden,jsawdeno8@sbwire.com,Male,China,"€58411,62"
874,Patin,Delacour,pdelacouro9@ted.com,Male,Canada,"€90904,45"
875,Gayla,Pow,gpowoa@nhs.uk,Female,Poland,"€25647,97"
876,Doyle,Scholes,dscholesob@ucsd.edu,Male,Colombia,"€71922,49"
877,Shamus,Heasman,sheasmanoc@mail.ru,Male,Canada,"€58626,18"
878,Grazia,Sneezem,gsneezemod@comsenz.com,Bigender,Netherlands,"€46128,77"
879,Artemus,Peek,apeekoe@yolasite.com,Male,Poland,"€33569,81"
880,Parsifal,Branney,pbranneyof@usa.gov,Male,China,"€90317,19"
881,Bordy,Bolens,bbolensog@t.co,Male,Peru,"€34757,32"
882,Molly,Elmore,melmoreoh@github.io,Female,Madagascar,"€40480,86"
883,Darbee,Downage,ddownageoi@rediff.com,Male,Mexico,"€78040,55"
884,Aguste,Lansbury,alansburyoj@ucoz.ru,Male,Sweden,"€65641,57"
885,Carlyn,Gunstone,cgunstoneok@nih.gov,Female,Colombia,"€17409,34"
886,Mahmoud,Rijkeseis,mrijkeseisol@indiegogo.com,Male,Ukraine,"€71429,34"
887,Ursa,Tocque,utocqueom@naver.com,Genderqueer,Poland,"€67588,49"
888,Adah,Twells,atwellson@sphinn.com,Female,France,"€75150,61"
889,Alon,Seamons,aseamonsoo@webs.com,Male,China,"€24038,79"
890,Tabby,Perotti,tperottiop@storify.com,Female,Philippines,"€57569,40"
891,Conant,Proudlove,cproudloveoq@nsw.gov.au,Non-binary,China,"€66323,30"
892,Vernon,Feacham,vfeachamor@cornell.edu,Male,Tanzania,"€53730,80"
893,Dyna,Packington,dpackingtonos@yellowpages.com,Female,Philippines,"€40236,14"
894,Tammy,Piken,tpikenot@tinypic.com,Female,China,"€65287,05"
895,Renee,Risbrough,rrisbroughou@techcrunch.com,Female,Russia,"€72050,40"
896,Fielding,Moran,fmoranov@umich.edu,Male,Sweden,"€94159,10"
897,Rowen,Workes,rworkesow@ebay.co.uk,Male,Laos,"€9364,38"
898,Osmond,Jindrich,ojindrichox@hexun.com,Male,Philippines,"€5260,45"
899,Dael,Vanyushin,dvanyushinoy@huffingtonpost.com,Male,Azerbaijan,"€51757,49"
900,Odella,Hymus,ohymusoz@cornell.edu,Female,China,"€59098,73"
901,Lettie,Dresse,ldressep0@wikimedia.org,Female,Bangladesh,"€53686,09"
902,Lib,Simkins,lsimkinsp1@w3.org,Female,China,"€66901,87"
903,Nora,Tryme,ntrymep2@nyu.edu,Female,Colombia,"€93567,68"
904,Buddie,GiacobbiniJacob,bgiacobbinijacobp3@odnoklassniki.ru,Male,China,"€27267,62"
905,Jo-ann,Burgoine,jburgoinep4@sciencedaily.com,Female,Indonesia,"€36531,14"
906,Caresse,Rickword,crickwordp5@naver.com,Female,Ukraine,"€78421,63"
907,Wyn,Jeeves,wjeevesp6@fotki.com,Polygender,Armenia,"€37054,10"
908,Vere,Horney,vhorneyp7@wunderground.com,Female,Canada,"€50758,96"
909,Anatollo,Prier,aprierp8@harvard.edu,Male,China,"€85928,03"
910,Kare,Beining,kbeiningp9@irs.gov,Female,China,"€5871,65"
911,Arabele,Olivo,aolivopa@cyberchimps.com,Female,Indonesia,"€11920,10"
912,Garrard,Chicchetto,gchicchettopb@shutterfly.com,Male,Poland,"€47091,80"
913,Ursula,Arman,uarmanpc@scientificamerican.com,Female,Canada,"€8645,93"
914,Rodrick,Trower,rtrowerpd@shutterfly.com,Male,Belarus,"€47517,35"
915,Andreana,Grimestone,agrimestonepe@uol.com.br,Female,France,"€90633,22"
916,Errol,Duckham,educkhampf@mysql.com,Male,Russia,"€22918,66"
917,Cynthie,Tosney,ctosneypg@surveymonkey.com,Female,China,"€73217,91"
918,Reider,Blondin,rblondinph@skyrock.com,Male,South Africa,"€39839,14"
919,Marjorie,McKinn,mmckinnpi@mail.ru,Genderfluid,Croatia,"€35543,66"
920,Meridith,O'Sculley,mosculleypj@nps.gov,Female,Sweden,"€71079,38"
921,Garold,Busst,gbusstpk@gizmodo.com,Male,Argentina,"€92975,24"
922,Shaine,Labrum,slabrumpl@exblog.jp,Male,Japan,"€41240,49"
923,Fletch,Michelin,fmichelinpm@jimdo.com,Male,Portugal,"€56166,15"
924,Nicol,Le land,nlelandpn@squidoo.com,Male,Norway,"€9173,46"
925,Marve,Cerro,mcerropo@ox.ac.uk,Male,Brazil,"€7311,82"
926,Prue,Musgrove,pmusgrovepp@utexas.edu,Female,Bosnia and Herzegovina,"€94289,85"
927,Rodrique,Rudolf,rrudolfpq@multiply.com,Male,Bulgaria,"€46489,65"
928,Haskell,Hassett,hhassettpr@ucla.edu,Genderfluid,Thailand,"€52481,10"
929,Arlin,Duran,aduranps@dyndns.org,Male,Indonesia,"€60134,09"
930,Delora,Murthwaite,dmurthwaitept@deviantart.com,Female,Brazil,"€93380,16"
931,Roderick,Coldbath,rcoldbathpu@boston.com,Male,Philippines,"€46764,31"
932,Emylee,Yansons,eyansonspv@ucsd.edu,Female,El Salvador,"€85485,30"
933,Jillie,Chubb,jchubbpw@java.com,Female,Germany,"€51407,95"
934,Hermina,Philcock,hphilcockpx@com.com,Female,China,"€3222,83"
935,Inness,Drable,idrablepy@weibo.com,Male,China,"€98140,98"
936,Carly,Coulson,ccoulsonpz@omniture.com,Female,Canada,"€59004,14"
937,Gustavo,Gatheridge,ggatheridgeq0@flavors.me,Male,Indonesia,"€189,54"
938,Merilyn,Leipold,mleipoldq1@twitpic.com,Female,Czech Republic,"€84597,75"
939,Gav,Bonds,gbondsq2@1688.com,Male,Greece,"€61183,58"
940,Chalmers,Baldacco,cbaldaccoq3@google.co.uk,Male,Venezuela,"€15337,32"
941,Caesar,Kneesha,ckneeshaq4@bbb.org,Male,Sweden,"€25467,02"
942,Stafani,Carrol,scarrolq5@reddit.com,Female,Indonesia,"€24787,11"
943,Melodee,Dobbie,mdobbieq6@theatlantic.com,Female,Poland,"€19440,67"
944,Nanni,Fernando,nfernandoq7@reverbnation.com,Female,China,"€99657,58"
945,Annalee,Beadnall,abeadnallq8@slate.com,Female,Cape Verde,"€57292,85"
946,Elset,Gonnelly,egonnellyq9@newsvine.com,Female,Palestinian Territory,"€95728,44"
947,Katleen,Thurborn,kthurbornqa@imageshack.us,Female,Indonesia,"€99281,82"
948,Breena,Tolmie,btolmieqb@hud.gov,Female,Russia,"€708,73"
949,King,Lapley,klapleyqc@google.ru,Male,Indonesia,"€52264,78"
950,Georgie,Pauls,gpaulsqd@weebly.com,Female,Barbados,"€69786,52"
951,Nancie,Bagge,nbaggeqe@lycos.com,Female,Armenia,"€71412,27"
952,Percival,Regina,preginaqf@mapy.cz,Male,Indonesia,"€68924,35"
953,Viva,Revening,vreveningqg@washington.edu,Female,Serbia,"€30382,30"
954,Michele,Grimwade,mgrimwadeqh@tiny.cc,Female,Russia,"€27071,25"
955,Georgie,Hallas,ghallasqi@soundcloud.com,Male,Russia,"€66843,25"
956,Gracie,Entwisle,gentwisleqj@salon.com,Female,China,"€1314,95"
957,Gothart,Oleksiak,goleksiakqk@domainmarket.com,Male,France,"€40456,26"
958,Shelley,Kinvan,skinvanql@nature.com,Male,Ukraine,"€8848,35"
959,Cthrine,Hollyard,chollyardqm@topsy.com,Female,China,"€21097,57"
960,Kendra,Killik,kkillikqn@technorati.com,Female,Ecuador,"€93855,93"
961,Etti,Penniell,epenniellqo@baidu.com,Female,United States,"€20449,37"
962,Frances,Gare,fgareqp@vinaora.com,Female,Ukraine,"€39267,41"
963,Mirna,Pallis,mpallisqq@springer.com,Female,Philippines,"€11805,35"
964,Daphna,Plail,dplailqr@cpanel.net,Female,China,"€4155,28"
965,Walther,Capper,wcapperqs@godaddy.com,Male,Spain,"€65054,38"
966,Phillie,Barriball,pbarriballqt@hubpages.com,Female,Poland,"€51609,17"
967,Flor,Syres,fsyresqu@imgur.com,Female,Thailand,"€42342,87"
968,Linet,Streeter,lstreeterqv@fda.gov,Female,China,"€73068,33"
969,Verile,Kettel,vkettelqw@360.cn,Female,Sweden,"€52555,44"
970,Delainey,Eve,deveqx@un.org,Male,Tunisia,"€81506,78"
971,Maddy,Maffiotti,mmaffiottiqy@arstechnica.com,Male,Russia,"€59029,31"
972,Rafferty,Chaize,rchaizeqz@comsenz.com,Male,Vietnam,"€88644,59"
973,Ramona,Stearley,rstearleyr0@google.nl,Female,Azerbaijan,"€12851,72"
974,Delly,Radki,dradkir1@flickr.com,Female,Indonesia,"€90382,04"
975,Angie,Wingrove,awingrover2@ovh.net,Male,Indonesia,"€67489,13"
976,Jase,Clougher,jclougherr3@nsw.gov.au,Male,Indonesia,"€98241,75"
977,Siana,Casa,scasar4@tmall.com,Female,China,"€55115,67"
978,Ashlen,McQuin,amcquinr5@marriott.com,Female,China,"€86712,25"
979,Franciskus,Dales,fdalesr6@illinois.edu,Male,Haiti,"€11278,25"
980,Shandra,Northing,snorthingr7@chron.com,Female,Martinique,"€65785,21"
981,Lizabeth,Jewes,ljewesr8@nbcnews.com,Female,Bosnia and Herzegovina,"€17599,49"
982,Vivie,Ennals,vennalsr9@pbs.org,Female,Argentina,"€77053,93"
983,Odo,Conklin,oconklinra@ca.gov,Male,Kenya,"€54915,89"
984,Emlyn,Parman,eparmanrb@wix.com,Male,Venezuela,"€34767,05"
985,Yovonnda,Alexsandrovich,yalexsandrovichrc@samsung.com,Female,France,"€70979,52"
986,Taddeo,Bertson,tbertsonrd@prweb.com,Male,North Korea,"€50075,10"
987,Barnett,Bucke,bbuckere@usnews.com,Polygender,China,"€65217,30"
988,Lorrin,Barwick,lbarwickrf@opera.com,Female,Indonesia,"€56414,77"
989,Ferdinand,Lenthall,flenthallrg@trellian.com,Male,Russia,"€55364,22"
990,Indira,Whitaker,iwhitakerrh@google.de,Female,Colombia,"€35540,12"
991,Reggi,McCumesky,rmccumeskyri@google.ca,Female,Israel,"€55862,23"
992,Viviana,Walework,vwaleworkrj@answers.com,Female,Indonesia,"€52961,62"
993,Rafaello,De la Eglise,rdelaegliserk@spiegel.de,Male,Russia,"€62532,76"
994,Llewellyn,Mullinger,lmullingerrl@hatena.ne.jp,Male,Philippines,"€31325,41"
995,Jeremias,Basil,jbasilrm@independent.co.uk,Male,Indonesia,"€48709,41"
996,Janeva,Jallin,jjallinrn@weebly.com,Female,China,"€4946,61"
997,Reuven,Dyzart,rdyzartro@smugmug.com,Bigender,Gabon,"€21537,27"
998,Romy,Grimble,rgrimblerp@exblog.jp,Female,Kenya,"€25713,17"
999,Cherin,Dukes,cdukesrq@hubpages.com,Female,Japan,"€90107,91"
1000,Cicely,Cecely,ccecelyrr@xinhuanet.com,Female,Philippines,"€48621,34"
